year,state,state_po,state_fips,candidate,party,candidatevotes,totalvotes,percentvote
1976,Alabama,AL,1,"Carter, Jimmy",democrat,659170,1182850,55.73
1976,Alabama,AL,1,"Ford, Gerald",republican,504070,1182850,42.61
1976,Alaska,AK,2,"Ford, Gerald",republican,71555,123574,57.9
1976,Alaska,AK,2,"Carter, Jimmy",democrat,44058,123574,35.65
1976,Arizona,AZ,4,"Ford, Gerald",republican,418642,742719,56.37
1976,Arizona,AZ,4,"Carter, Jimmy",democrat,295602,742719,39.8
1976,Arkansas,AR,5,"Carter, Jimmy",democrat,498604,767535,64.96
1976,Arkansas,AR,5,"Ford, Gerald",republican,267903,767535,34.9
1976,California,CA,6,"Ford, Gerald",republican,3882244,7803770,49.75
1976,California,CA,6,"Carter, Jimmy",democrat,3742284,7803770,47.95
1976,Colorado,CO,8,"Ford, Gerald",republican,584278,1081440,54.03
1976,Colorado,CO,8,"Carter, Jimmy",democrat,460801,1081440,42.61
1976,Connecticut,CT,9,"Ford, Gerald",republican,719261,1386355,51.88
1976,Connecticut,CT,9,"Carter, Jimmy",democrat,647895,1386355,46.73
1976,Delaware,DE,10,"Carter, Jimmy",democrat,122461,235642,51.97
1976,Delaware,DE,10,"Ford, Gerald",republican,109780,235642,46.59
1976,District of Columbia,DC,11,"Carter, Jimmy",democrat,137818,168830,81.63
1976,District of Columbia,DC,11,"Ford, Gerald",republican,27873,168830,16.51
1976,Florida,FL,12,"Carter, Jimmy",democrat,1636000,3150631,51.93
1976,Florida,FL,12,"Ford, Gerald",republican,1469531,3150631,46.64
1976,Georgia,GA,13,"Carter, Jimmy",democrat,979409,1463152,66.94
1976,Georgia,GA,13,"Ford, Gerald",republican,483743,1463152,33.06
1976,Hawaii,HI,15,"Carter, Jimmy",democrat,147375,291301,50.59
1976,Hawaii,HI,15,"Ford, Gerald",republican,140003,291301,48.06
1976,Idaho,ID,16,"Ford, Gerald",republican,204151,340932,59.88
1976,Idaho,ID,16,"Carter, Jimmy",democrat,126549,340932,37.12
1976,Illinois,IL,17,"Ford, Gerald",republican,2364269,4721282,50.08
1976,Illinois,IL,17,"Carter, Jimmy",democrat,2271295,4721282,48.11
1976,Indiana,IN,18,"Ford, Gerald",republican,1183958,2220362,53.32
1976,Indiana,IN,18,"Carter, Jimmy",democrat,1014714,2220362,45.7
1976,Iowa,IA,19,"Ford, Gerald",republican,632864,1279303,49.47
1976,Iowa,IA,19,"Carter, Jimmy",democrat,619931,1279303,48.46
1976,Kansas,KS,20,"Ford, Gerald",republican,502752,957845,52.49
1976,Kansas,KS,20,"Carter, Jimmy",democrat,430421,957845,44.94
1976,Kentucky,KY,21,"Carter, Jimmy",democrat,615717,1167142,52.75
1976,Kentucky,KY,21,"Ford, Gerald",republican,531852,1167142,45.57
1976,Louisiana,LA,22,"Carter, Jimmy",democrat,661365,1277383,51.77
1976,Louisiana,LA,22,"Ford, Gerald",republican,587446,1277383,45.99
1976,Maine,ME,23,"Ford, Gerald",republican,236320,482968,48.93
1976,Maine,ME,23,"Carter, Jimmy",democrat,232279,482968,48.09
1976,Maryland,MD,24,"Carter, Jimmy",democrat,759612,1432273,53.04
1976,Maryland,MD,24,"Ford, Gerald",republican,672661,1432273,46.96
1976,Massachusetts,MA,25,"Carter, Jimmy",democrat,1429475,2547558,56.11
1976,Massachusetts,MA,25,"Ford, Gerald",republican,1030276,2547558,40.44
1976,Michigan,MI,26,"Ford, Gerald",republican,1893742,3651590,51.86
1976,Michigan,MI,26,"Carter, Jimmy",democrat,1696714,3651590,46.47
1976,Minnesota,MN,27,"Carter, Jimmy",democrat,1070440,1949931,54.9
1976,Minnesota,MN,27,"Ford, Gerald",republican,819395,1949931,42.02
1976,Mississippi,MS,28,"Carter, Jimmy",democrat,381329,768390,49.63
1976,Mississippi,MS,28,"Ford, Gerald",republican,366846,768390,47.74
1976,Missouri,MO,29,"Carter, Jimmy",democrat,998387,1953600,51.1
1976,Missouri,MO,29,"Ford, Gerald",republican,927443,1953600,47.47
1976,Montana,MT,30,"Ford, Gerald",republican,173703,328734,52.84
1976,Montana,MT,30,"Carter, Jimmy",democrat,149259,328734,45.4
1976,Nebraska,NE,31,"Ford, Gerald",republican,359219,606749,59.2
1976,Nebraska,NE,31,"Carter, Jimmy",democrat,233293,606749,38.45
1976,Nevada,NV,32,"Ford, Gerald",republican,101273,201876,50.17
1976,Nevada,NV,32,"Carter, Jimmy",democrat,92479,201876,45.81
1976,New Hampshire,NH,33,"Ford, Gerald",republican,185935,339627,54.75
1976,New Hampshire,NH,33,"Carter, Jimmy",democrat,147645,339627,43.47
1976,New Jersey,NJ,34,"Ford, Gerald",republican,1509688,3014472,50.08
1976,New Jersey,NJ,34,"Carter, Jimmy",democrat,1444653,3014472,47.92
1976,New Mexico,NM,35,"Ford, Gerald",republican,211419,416590,50.75
1976,New Mexico,NM,35,"Carter, Jimmy",democrat,201148,416590,48.28
1976,New York,NY,36,"Carter, Jimmy",democrat,3244165,6668262,48.65
1976,New York,NY,36,"Ford, Gerald",republican,2825913,6668262,42.38
1976,North Carolina,NC,37,"Carter, Jimmy",democrat,927365,1677906,55.27
1976,North Carolina,NC,37,"Ford, Gerald",republican,741960,1677906,44.22
1976,North Dakota,ND,38,"Ford, Gerald",republican,153684,297308,51.69
1976,North Dakota,ND,38,"Carter, Jimmy",democrat,136078,297308,45.77
1976,Ohio,OH,39,"Carter, Jimmy",democrat,2009959,4110456,48.9
1976,Ohio,OH,39,"Ford, Gerald",republican,2000626,4110456,48.67
1976,Oklahoma,OK,40,"Ford, Gerald",republican,545708,1092251,49.96
1976,Oklahoma,OK,40,"Carter, Jimmy",democrat,532442,1092251,48.75
1976,Oregon,OR,41,"Ford, Gerald",republican,492120,1029876,47.78
1976,Oregon,OR,41,"Carter, Jimmy",democrat,490407,1029876,47.62
1976,Pennsylvania,PA,42,"Carter, Jimmy",democrat,2328677,4620787,50.4
1976,Pennsylvania,PA,42,"Ford, Gerald",republican,2205604,4620787,47.73
1976,Rhode Island,RI,44,"Carter, Jimmy",democrat,227636,410584,55.44
1976,Rhode Island,RI,44,"Ford, Gerald",republican,181249,410584,44.14
1976,South Carolina,SC,45,"Carter, Jimmy",democrat,450807,802583,56.17
1976,South Carolina,SC,45,"Ford, Gerald",republican,346149,802583,43.13
1976,South Dakota,SD,46,"Ford, Gerald",republican,151505,300678,50.39
1976,South Dakota,SD,46,"Carter, Jimmy",democrat,147068,300678,48.91
1976,Tennessee,TN,47,"Carter, Jimmy",democrat,825879,1476346,55.94
1976,Tennessee,TN,47,"Ford, Gerald",republican,633969,1476346,42.94
1976,Texas,TX,48,"Carter, Jimmy",democrat,2082319,4071884,51.14
1976,Texas,TX,48,"Ford, Gerald",republican,1953300,4071884,47.97
1976,Utah,UT,49,"Ford, Gerald",republican,337908,541218,62.43
1976,Utah,UT,49,"Carter, Jimmy",democrat,182110,541218,33.65
1976,Vermont,VT,50,"Ford, Gerald",republican,100387,183902,54.59
1976,Vermont,VT,50,"Carter, Jimmy",democrat,77798,183902,42.3
1976,Virginia,VA,51,"Ford, Gerald",republican,836554,1697094,49.29
1976,Virginia,VA,51,"Carter, Jimmy",democrat,813896,1697094,47.96
1976,Washington,WA,53,"Ford, Gerald",republican,777732,1555534,50
1976,Washington,WA,53,"Carter, Jimmy",democrat,717323,1555534,46.11
1976,West Virginia,WV,54,"Carter, Jimmy",democrat,435864,750590,58.07
1976,West Virginia,WV,54,"Ford, Gerald",republican,314726,750590,41.93
1976,Wisconsin,WI,55,"Carter, Jimmy",democrat,1040232,2101336,49.5
1976,Wisconsin,WI,55,"Ford, Gerald",republican,1004987,2101336,47.83
1976,Wyoming,WY,56,"Ford, Gerald",republican,92717,156343,59.3
1976,Wyoming,WY,56,"Carter, Jimmy",democrat,62239,156343,39.81
1980,Alabama,AL,1,"Reagan, Ronald",republican,654192,1341929,48.75
1980,Alabama,AL,1,"Carter, Jimmy",democrat,636730,1341929,47.45
1980,Alaska,AK,2,"Reagan, Ronald",republican,86112,158445,54.35
1980,Alaska,AK,2,"Carter, Jimmy",democrat,41842,158445,26.41
1980,Arizona,AZ,4,"Reagan, Ronald",republican,529688,873945,60.61
1980,Arizona,AZ,4,"Carter, Jimmy",democrat,246843,873945,28.24
1980,Arkansas,AR,5,"Reagan, Ronald",republican,403164,837582,48.13
1980,Arkansas,AR,5,"Carter, Jimmy",democrat,398041,837582,47.52
1980,California,CA,6,"Reagan, Ronald",republican,4522994,8582938,52.7
1980,California,CA,6,"Carter, Jimmy",democrat,3082943,8582938,35.92
1980,Colorado,CO,8,"Reagan, Ronald",republican,652264,1184450,55.07
1980,Colorado,CO,8,"Carter, Jimmy",democrat,368009,1184450,31.07
1980,Connecticut,CT,9,"Reagan, Ronald",republican,677210,1406285,48.16
1980,Connecticut,CT,9,"Carter, Jimmy",democrat,541732,1406285,38.52
1980,Delaware,DE,10,"Reagan, Ronald",republican,111252,235668,47.21
1980,Delaware,DE,10,"Carter, Jimmy",democrat,105754,235668,44.87
1980,District of Columbia,DC,11,"Carter, Jimmy",democrat,130231,173889,74.89
1980,District of Columbia,DC,11,"Reagan, Ronald",republican,23313,173889,13.41
1980,Florida,FL,12,"Reagan, Ronald",republican,2046951,3686927,55.52
1980,Florida,FL,12,"Carter, Jimmy",democrat,1419475,3686927,38.5
1980,Georgia,GA,13,"Carter, Jimmy",democrat,890955,1596805,55.8
1980,Georgia,GA,13,"Reagan, Ronald",republican,654168,1596805,40.97
1980,Hawaii,HI,15,"Carter, Jimmy",democrat,135879,303287,44.8
1980,Hawaii,HI,15,"Reagan, Ronald",republican,130112,303287,42.9
1980,Idaho,ID,16,"Reagan, Ronald",republican,290699,437431,66.46
1980,Idaho,ID,16,"Carter, Jimmy",democrat,110192,437431,25.19
1980,Illinois,IL,17,"Reagan, Ronald",republican,2358049,4749721,49.65
1980,Illinois,IL,17,"Carter, Jimmy",democrat,1981413,4749721,41.72
1980,Indiana,IN,18,"Reagan, Ronald",republican,1255656,2242033,56.01
1980,Indiana,IN,18,"Carter, Jimmy",democrat,844197,2242033,37.65
1980,Iowa,IA,19,"Reagan, Ronald",republican,676026,1317661,51.31
1980,Iowa,IA,19,"Carter, Jimmy",democrat,508672,1317661,38.6
1980,Kansas,KS,20,"Reagan, Ronald",republican,566812,979795,57.85
1980,Kansas,KS,20,"Carter, Jimmy",democrat,326150,979795,33.29
1980,Kentucky,KY,21,"Reagan, Ronald",republican,635274,1295627,49.03
1980,Kentucky,KY,21,"Carter, Jimmy",democrat,617417,1295627,47.65
1980,Louisiana,LA,22,"Reagan, Ronald",republican,792853,1548591,51.2
1980,Louisiana,LA,22,"Carter, Jimmy",democrat,708453,1548591,45.75
1980,Maine,ME,23,"Reagan, Ronald",republican,238522,523011,45.61
1980,Maine,ME,23,"Carter, Jimmy",democrat,220974,523011,42.25
1980,Maryland,MD,24,"Carter, Jimmy",democrat,726161,1540496,47.14
1980,Maryland,MD,24,"Reagan, Ronald",republican,680606,1540496,44.18
1980,Massachusetts,MA,25,"Reagan, Ronald",republican,1057631,2524090,41.9
1980,Massachusetts,MA,25,"Carter, Jimmy",democrat,1053802,2524090,41.75
1980,Michigan,MI,26,"Reagan, Ronald",republican,1915225,3909725,48.99
1980,Michigan,MI,26,"Carter, Jimmy",democrat,1661532,3909725,42.5
1980,Minnesota,MN,27,"Carter, Jimmy",democrat,954173,2051916,46.5
1980,Minnesota,MN,27,"Reagan, Ronald",republican,873268,2051916,42.56
1980,Mississippi,MS,28,"Reagan, Ronald",republican,441089,891750,49.46
1980,Mississippi,MS,28,"Carter, Jimmy",democrat,429281,891750,48.14
1980,Missouri,MO,29,"Reagan, Ronald",republican,1074181,2099824,51.16
1980,Missouri,MO,29,"Carter, Jimmy",democrat,931182,2099824,44.35
1980,Montana,MT,30,"Reagan, Ronald",republican,206814,363952,56.82
1980,Montana,MT,30,"Carter, Jimmy",democrat,118032,363952,32.43
1980,Nebraska,NE,31,"Reagan, Ronald",republican,419214,639533,65.55
1980,Nebraska,NE,31,"Carter, Jimmy",democrat,166424,639533,26.02
1980,Nevada,NV,32,"Reagan, Ronald",republican,155017,243692,63.61
1980,Nevada,NV,32,"Carter, Jimmy",democrat,66666,243692,27.36
1980,New Hampshire,NH,33,"Reagan, Ronald",republican,221705,383990,57.74
1980,New Hampshire,NH,33,"Carter, Jimmy",democrat,108864,383990,28.35
1980,New Jersey,NJ,34,"Reagan, Ronald",republican,1546557,2975684,51.97
1980,New Jersey,NJ,34,"Carter, Jimmy",democrat,1147364,2975684,38.56
1980,New Mexico,NM,35,"Reagan, Ronald",republican,250779,456237,54.97
1980,New Mexico,NM,35,"Carter, Jimmy",democrat,167826,456237,36.78
1980,New York,NY,36,"Carter, Jimmy",democrat,2728372,6201959,43.99
1980,New York,NY,36,"Reagan, Ronald",republican,2637700,6201959,42.53
1980,North Carolina,NC,37,"Reagan, Ronald",republican,915018,1855833,49.3
1980,North Carolina,NC,37,"Carter, Jimmy",democrat,875635,1855833,47.18
1980,North Dakota,ND,38,"Reagan, Ronald",republican,193695,301116,64.33
1980,North Dakota,ND,38,"Carter, Jimmy",democrat,79189,301116,26.3
1980,Ohio,OH,39,"Reagan, Ronald",republican,2206545,4283603,51.51
1980,Ohio,OH,39,"Carter, Jimmy",democrat,1752414,4283603,40.91
1980,Oklahoma,OK,40,"Reagan, Ronald",republican,695570,1149708,60.5
1980,Oklahoma,OK,40,"Carter, Jimmy",democrat,402026,1149708,34.97
1980,Oregon,OR,41,"Reagan, Ronald",republican,571044,1181516,48.33
1980,Oregon,OR,41,"Carter, Jimmy",democrat,456890,1181516,38.67
1980,Pennsylvania,PA,42,"Reagan, Ronald",republican,2261872,4561501,49.59
1980,Pennsylvania,PA,42,"Carter, Jimmy",democrat,1937540,4561501,42.48
1980,Rhode Island,RI,44,"Carter, Jimmy",democrat,198342,415967,47.68
1980,Rhode Island,RI,44,"Reagan, Ronald",republican,154793,415967,37.21
1980,South Carolina,SC,45,"Reagan, Ronald",republican,439277,888258,49.45
1980,South Carolina,SC,45,"Carter, Jimmy",democrat,428220,888258,48.21
1980,South Dakota,SD,46,"Reagan, Ronald",republican,198343,327703,60.53
1980,South Dakota,SD,46,"Carter, Jimmy",democrat,103855,327703,31.69
1980,Tennessee,TN,47,"Reagan, Ronald",republican,787761,1617616,48.7
1980,Tennessee,TN,47,"Carter, Jimmy",democrat,783051,1617616,48.41
1980,Texas,TX,48,"Reagan, Ronald",republican,2510705,4541636,55.28
1980,Texas,TX,48,"Carter, Jimmy",democrat,1881147,4541636,41.42
1980,Utah,UT,49,"Reagan, Ronald",republican,439687,604152,72.78
1980,Utah,UT,49,"Carter, Jimmy",democrat,124266,604152,20.57
1980,Vermont,VT,50,"Reagan, Ronald",republican,94628,213299,44.36
1980,Vermont,VT,50,"Carter, Jimmy",democrat,81952,213299,38.42
1980,Virginia,VA,51,"Reagan, Ronald",republican,989609,1866032,53.03
1980,Virginia,VA,51,"Carter, Jimmy",democrat,752174,1866032,40.31
1980,Washington,WA,53,"Reagan, Ronald",republican,865244,1742394,49.66
1980,Washington,WA,53,"Carter, Jimmy",democrat,650193,1742394,37.32
1980,West Virginia,WV,54,"Carter, Jimmy",democrat,367462,737715,49.81
1980,West Virginia,WV,54,"Reagan, Ronald",republican,334206,737715,45.3
1980,Wisconsin,WI,55,"Reagan, Ronald",republican,1088845,2273221,47.9
1980,Wisconsin,WI,55,"Carter, Jimmy",democrat,981584,2273221,43.18
1980,Wyoming,WY,56,"Reagan, Ronald",republican,110700,176713,62.64
1980,Wyoming,WY,56,"Carter, Jimmy",democrat,49427,176713,27.97
1984,Alabama,AL,1,"Reagan, Ronald",republican,872849,1441713,60.54
1984,Alabama,AL,1,"Mondale, Walter",democrat,551899,1441713,38.28
1984,Alaska,AK,2,"Reagan, Ronald",republican,138377,207605,66.65
1984,Alaska,AK,2,"Mondale, Walter",democrat,62007,207605,29.87
1984,Arizona,AZ,4,"Reagan, Ronald",republican,681416,1025897,66.42
1984,Arizona,AZ,4,"Mondale, Walter",democrat,333854,1025897,32.54
1984,Arkansas,AR,5,"Reagan, Ronald",republican,534774,884406,60.47
1984,Arkansas,AR,5,"Mondale, Walter",democrat,338646,884406,38.29
1984,California,CA,6,"Reagan, Ronald",republican,5467009,9505041,57.52
1984,California,CA,6,"Mondale, Walter",democrat,3922519,9505041,41.27
1984,Colorado,CO,8,"Reagan, Ronald",republican,821817,1295380,63.44
1984,Colorado,CO,8,"Mondale, Walter",democrat,454975,1295380,35.12
1984,Connecticut,CT,9,"Reagan, Ronald",republican,890877,1466900,60.73
1984,Connecticut,CT,9,"Mondale, Walter",democrat,569597,1466900,38.83
1984,Delaware,DE,10,"Reagan, Ronald",republican,152190,254572,59.78
1984,Delaware,DE,10,"Mondale, Walter",democrat,101656,254572,39.93
1984,District of Columbia,DC,11,"Mondale, Walter",democrat,180408,211288,85.38
1984,District of Columbia,DC,11,"Reagan, Ronald",republican,29009,211288,13.73
1984,Florida,FL,12,"Reagan, Ronald",republican,2730350,4180051,65.32
1984,Florida,FL,12,"Mondale, Walter",democrat,1448816,4180051,34.66
1984,Georgia,GA,13,"Reagan, Ronald",republican,1068722,1776103,60.17
1984,Georgia,GA,13,"Mondale, Walter",democrat,706628,1776103,39.79
1984,Hawaii,HI,15,"Reagan, Ronald",republican,185050,335846,55.1
1984,Hawaii,HI,15,"Mondale, Walter",democrat,147154,335846,43.82
1984,Idaho,ID,16,"Reagan, Ronald",republican,297523,411144,72.36
1984,Idaho,ID,16,"Mondale, Walter",democrat,108510,411144,26.39
1984,Illinois,IL,17,"Reagan, Ronald",republican,2707103,4819088,56.17
1984,Illinois,IL,17,"Mondale, Walter",democrat,2086499,4819088,43.3
1984,Indiana,IN,18,"Reagan, Ronald",republican,1377230,2233069,61.67
1984,Indiana,IN,18,"Mondale, Walter",democrat,841481,2233069,37.68
1984,Iowa,IA,19,"Reagan, Ronald",republican,703088,1319805,53.27
1984,Iowa,IA,19,"Mondale, Walter",democrat,605620,1319805,45.89
1984,Kansas,KS,20,"Reagan, Ronald",republican,677296,1021991,66.27
1984,Kansas,KS,20,"Mondale, Walter",democrat,333149,1021991,32.6
1984,Kentucky,KY,21,"Reagan, Ronald",republican,821702,1369345,60.01
1984,Kentucky,KY,21,"Mondale, Walter",democrat,539539,1369345,39.4
1984,Louisiana,LA,22,"Reagan, Ronald",republican,1037299,1706822,60.77
1984,Louisiana,LA,22,"Mondale, Walter",democrat,651586,1706822,38.18
1984,Maine,ME,23,"Reagan, Ronald",republican,336500,553144,60.83
1984,Maine,ME,23,"Mondale, Walter",democrat,214515,553144,38.78
1984,Maryland,MD,24,"Reagan, Ronald",republican,879918,1675873,52.51
1984,Maryland,MD,24,"Mondale, Walter",democrat,787935,1675873,47.02
1984,Massachusetts,MA,25,"Reagan, Ronald",republican,1310936,2559383,51.22
1984,Massachusetts,MA,25,"Mondale, Walter",democrat,1239606,2559383,48.43
1984,Michigan,MI,26,"Reagan, Ronald",republican,2251571,3801658,59.23
1984,Michigan,MI,26,"Mondale, Walter",democrat,1529638,3801658,40.24
1984,Minnesota,MN,27,"Mondale, Walter",democrat,1036364,2084449,49.72
1984,Minnesota,MN,27,"Reagan, Ronald",republican,1032603,2084449,49.54
1984,Mississippi,MS,28,"Reagan, Ronald",republican,582377,941104,61.88
1984,Mississippi,MS,28,"Mondale, Walter",democrat,352192,941104,37.42
1984,Missouri,MO,29,"Reagan, Ronald",republican,1274188,2122771,60.02
1984,Missouri,MO,29,"Mondale, Walter",democrat,848583,2122771,39.98
1984,Montana,MT,30,"Reagan, Ronald",republican,232450,384377,60.47
1984,Montana,MT,30,"Mondale, Walter",democrat,146742,384377,38.18
1984,Nebraska,NE,31,"Reagan, Ronald",republican,460054,652090,70.55
1984,Nebraska,NE,31,"Mondale, Walter",democrat,187866,652090,28.81
1984,Nevada,NV,32,"Reagan, Ronald",republican,188770,282717,66.77
1984,Nevada,NV,32,"Mondale, Walter",democrat,91655,282717,32.42
1984,New Hampshire,NH,33,"Reagan, Ronald",republican,267050,388904,68.67
1984,New Hampshire,NH,33,"Mondale, Walter",democrat,120347,388904,30.95
1984,New Jersey,NJ,34,"Reagan, Ronald",republican,1933630,3217862,60.09
1984,New Jersey,NJ,34,"Mondale, Walter",democrat,1261323,3217862,39.2
1984,New Mexico,NM,35,"Reagan, Ronald",republican,307101,514370,59.7
1984,New Mexico,NM,35,"Mondale, Walter",democrat,201769,514370,39.23
1984,New York,NY,36,"Reagan, Ronald",republican,3376519,6806810,49.61
1984,New York,NY,36,"Mondale, Walter",democrat,3001285,6806810,44.09
1984,North Carolina,NC,37,"Reagan, Ronald",republican,1346481,2175361,61.9
1984,North Carolina,NC,37,"Mondale, Walter",democrat,824287,2175361,37.89
1984,North Dakota,ND,38,"Reagan, Ronald",republican,200336,308971,64.84
1984,North Dakota,ND,38,"Mondale, Walter",democrat,104429,308971,33.8
1984,Ohio,OH,39,"Reagan, Ronald",republican,2678559,4563235,58.7
1984,Ohio,OH,39,"Mondale, Walter",democrat,1825440,4563235,40
1984,Oklahoma,OK,40,"Reagan, Ronald",republican,861530,1255676,68.61
1984,Oklahoma,OK,40,"Mondale, Walter",democrat,385080,1255676,30.67
1984,Oregon,OR,41,"Reagan, Ronald",republican,685700,1226527,55.91
1984,Oregon,OR,41,"Mondale, Walter",democrat,536479,1226527,43.74
1984,Pennsylvania,PA,42,"Reagan, Ronald",republican,2584323,4844903,53.34
1984,Pennsylvania,PA,42,"Mondale, Walter",democrat,2228131,4844903,45.99
1984,Rhode Island,RI,44,"Reagan, Ronald",republican,212080,410489,51.67
1984,Rhode Island,RI,44,"Mondale, Walter",democrat,197106,410489,48.02
1984,South Carolina,SC,45,"Reagan, Ronald",republican,615539,968529,63.55
1984,South Carolina,SC,45,"Mondale, Walter",democrat,344459,968529,35.57
1984,South Dakota,SD,46,"Reagan, Ronald",republican,200267,317867,63
1984,South Dakota,SD,46,"Mondale, Walter",democrat,116113,317867,36.53
1984,Tennessee,TN,47,"Reagan, Ronald",republican,990212,1711993,57.84
1984,Tennessee,TN,47,"Mondale, Walter",democrat,711714,1711993,41.57
1984,Texas,TX,48,"Reagan, Ronald",republican,3433428,5397571,63.61
1984,Texas,TX,48,"Mondale, Walter",democrat,1949276,5397571,36.11
1984,Utah,UT,49,"Reagan, Ronald",republican,469105,629656,74.5
1984,Utah,UT,49,"Mondale, Walter",democrat,155369,629656,24.68
1984,Vermont,VT,50,"Reagan, Ronald",republican,135865,234561,57.92
1984,Vermont,VT,50,"Mondale, Walter",democrat,95730,234561,40.81
1984,Virginia,VA,51,"Reagan, Ronald",republican,1337078,2146635,62.29
1984,Virginia,VA,51,"Mondale, Walter",democrat,796250,2146635,37.09
1984,Washington,WA,53,"Reagan, Ronald",republican,1051670,1874910,56.09
1984,Washington,WA,53,"Mondale, Walter",democrat,798352,1874910,42.58
1984,West Virginia,WV,54,"Reagan, Ronald",republican,405483,735742,55.11
1984,West Virginia,WV,54,"Mondale, Walter",democrat,328125,735742,44.6
1984,Wisconsin,WI,55,"Reagan, Ronald",republican,1198584,2211689,54.19
1984,Wisconsin,WI,55,"Mondale, Walter",democrat,995740,2211689,45.02
1984,Wyoming,WY,56,"Reagan, Ronald",republican,133241,188968,70.51
1984,Wyoming,WY,56,"Mondale, Walter",democrat,53370,188968,28.24
1988,Alabama,AL,1,"Bush, George H.W.",republican,815576,1378476,59.17
1988,Alabama,AL,1,"Dukakis, Michael",democrat,549506,1378476,39.86
1988,Alaska,AK,2,"Bush, George H.W.",republican,119251,200116,59.59
1988,Alaska,AK,2,"Dukakis, Michael",democrat,72584,200116,36.27
1988,Arizona,AZ,4,"Bush, George H.W.",republican,702541,1171873,59.95
1988,Arizona,AZ,4,"Dukakis, Michael",democrat,454029,1171873,38.74
1988,Arkansas,AR,5,"Bush, George H.W.",republican,466578,827738,56.37
1988,Arkansas,AR,5,"Dukakis, Michael",democrat,349237,827738,42.19
1988,California,CA,6,"Bush, George H.W.",republican,5054917,9887065,51.13
1988,California,CA,6,"Dukakis, Michael",democrat,4702233,9887065,47.56
1988,Colorado,CO,8,"Bush, George H.W.",republican,728177,1372394,53.06
1988,Colorado,CO,8,"Dukakis, Michael",democrat,621453,1372394,45.28
1988,Connecticut,CT,9,"Bush, George H.W.",republican,750241,1443394,51.98
1988,Connecticut,CT,9,"Dukakis, Michael",democrat,676584,1443394,46.87
1988,Delaware,DE,10,"Bush, George H.W.",republican,139639,249891,55.88
1988,Delaware,DE,10,"Dukakis, Michael",democrat,108647,249891,43.48
1988,District of Columbia,DC,11,"Dukakis, Michael",democrat,159407,192877,82.65
1988,District of Columbia,DC,11,"Bush, George H.W.",republican,27590,192877,14.3
1988,Florida,FL,12,"Bush, George H.W.",republican,2618885,4302313,60.87
1988,Florida,FL,12,"Dukakis, Michael",democrat,1656701,4302313,38.51
1988,Georgia,GA,13,"Bush, George H.W.",republican,1081331,1809672,59.75
1988,Georgia,GA,13,"Dukakis, Michael",democrat,714792,1809672,39.5
1988,Hawaii,HI,15,"Dukakis, Michael",democrat,192364,354461,54.27
1988,Hawaii,HI,15,"Bush, George H.W.",republican,158625,354461,44.75
1988,Idaho,ID,16,"Bush, George H.W.",republican,253881,408968,62.08
1988,Idaho,ID,16,"Dukakis, Michael",democrat,147272,408968,36.01
1988,Illinois,IL,17,"Bush, George H.W.",republican,2310939,4559120,50.69
1988,Illinois,IL,17,"Dukakis, Michael",democrat,2215940,4559120,48.6
1988,Indiana,IN,18,"Bush, George H.W.",republican,1297763,2168621,59.84
1988,Indiana,IN,18,"Dukakis, Michael",democrat,860643,2168621,39.69
1988,Iowa,IA,19,"Dukakis, Michael",democrat,670557,1225614,54.71
1988,Iowa,IA,19,"Bush, George H.W.",republican,545355,1225614,44.5
1988,Kansas,KS,20,"Bush, George H.W.",republican,554049,993044,55.79
1988,Kansas,KS,20,"Dukakis, Michael",democrat,422636,993044,42.56
1988,Kentucky,KY,21,"Bush, George H.W.",republican,734281,1322517,55.52
1988,Kentucky,KY,21,"Dukakis, Michael",democrat,580368,1322517,43.88
1988,Louisiana,LA,22,"Bush, George H.W.",republican,883702,1628202,54.27
1988,Louisiana,LA,22,"Dukakis, Michael",democrat,717460,1628202,44.06
1988,Maine,ME,23,"Bush, George H.W.",republican,307131,555035,55.34
1988,Maine,ME,23,"Dukakis, Michael",democrat,243569,555035,43.88
1988,Maryland,MD,24,"Bush, George H.W.",republican,876167,1714358,51.11
1988,Maryland,MD,24,"Dukakis, Michael",democrat,826304,1714358,48.2
1988,Massachusetts,MA,25,"Dukakis, Michael",democrat,1401415,2632801,53.23
1988,Massachusetts,MA,25,"Bush, George H.W.",republican,1194635,2632801,45.38
1988,Michigan,MI,26,"Bush, George H.W.",republican,1965486,3669163,53.57
1988,Michigan,MI,26,"Dukakis, Michael",democrat,1675783,3669163,45.67
1988,Minnesota,MN,27,"Dukakis, Michael",democrat,1109471,2096790,52.91
1988,Minnesota,MN,27,"Bush, George H.W.",republican,962337,2096790,45.9
1988,Mississippi,MS,28,"Bush, George H.W.",republican,557890,931527,59.89
1988,Mississippi,MS,28,"Dukakis, Michael",democrat,363921,931527,39.07
1988,Missouri,MO,29,"Bush, George H.W.",republican,1084953,2093228,51.83
1988,Missouri,MO,29,"Dukakis, Michael",democrat,1001619,2093228,47.85
1988,Montana,MT,30,"Bush, George H.W.",republican,190412,365674,52.07
1988,Montana,MT,30,"Dukakis, Michael",democrat,168936,365674,46.2
1988,Nebraska,NE,31,"Bush, George H.W.",republican,397956,661465,60.16
1988,Nebraska,NE,31,"Dukakis, Michael",democrat,259235,661465,39.19
1988,Nevada,NV,32,"Bush, George H.W.",republican,206040,343133,60.05
1988,Nevada,NV,32,"Dukakis, Michael",democrat,132738,343133,38.68
1988,New Hampshire,NH,33,"Bush, George H.W.",republican,281537,450525,62.49
1988,New Hampshire,NH,33,"Dukakis, Michael",democrat,163696,450525,36.33
1988,New Jersey,NJ,34,"Bush, George H.W.",republican,1743192,3099553,56.24
1988,New Jersey,NJ,34,"Dukakis, Michael",democrat,1320352,3099553,42.6
1988,New Mexico,NM,35,"Bush, George H.W.",republican,270341,521387,51.85
1988,New Mexico,NM,35,"Dukakis, Michael",democrat,244497,521387,46.89
1988,New York,NY,36,"Dukakis, Michael",democrat,3255487,6485683,50.19
1988,New York,NY,36,"Bush, George H.W.",republican,2838414,6485683,43.76
1988,North Carolina,NC,37,"Bush, George H.W.",republican,1237258,2134370,57.97
1988,North Carolina,NC,37,"Dukakis, Michael",democrat,890167,2134370,41.71
1988,North Dakota,ND,38,"Bush, George H.W.",republican,166559,297261,56.03
1988,North Dakota,ND,38,"Dukakis, Michael",democrat,127739,297261,42.97
1988,Ohio,OH,39,"Bush, George H.W.",republican,2416549,4393585,55
1988,Ohio,OH,39,"Dukakis, Michael",democrat,1939629,4393585,44.15
1988,Oklahoma,OK,40,"Bush, George H.W.",republican,678367,1171036,57.93
1988,Oklahoma,OK,40,"Dukakis, Michael",democrat,483423,1171036,41.28
1988,Oregon,OR,41,"Dukakis, Michael",democrat,616206,1201694,51.28
1988,Oregon,OR,41,"Bush, George H.W.",republican,560126,1201694,46.61
1988,Pennsylvania,PA,42,"Bush, George H.W.",republican,2300087,4536251,50.7
1988,Pennsylvania,PA,42,"Dukakis, Michael",democrat,2194944,4536251,48.39
1988,Rhode Island,RI,44,"Dukakis, Michael",democrat,225123,404622,55.64
1988,Rhode Island,RI,44,"Bush, George H.W.",republican,177761,404622,43.93
1988,South Carolina,SC,45,"Bush, George H.W.",republican,606443,986009,61.5
1988,South Carolina,SC,45,"Dukakis, Michael",democrat,370554,986009,37.58
1988,South Dakota,SD,46,"Bush, George H.W.",republican,165415,312991,52.85
1988,South Dakota,SD,46,"Dukakis, Michael",democrat,145560,312991,46.51
1988,Tennessee,TN,47,"Bush, George H.W.",republican,947233,1636250,57.89
1988,Tennessee,TN,47,"Dukakis, Michael",democrat,679794,1636250,41.55
1988,Texas,TX,48,"Bush, George H.W.",republican,3036829,5427410,55.95
1988,Texas,TX,48,"Dukakis, Michael",democrat,2352748,5427410,43.35
1988,Utah,UT,49,"Bush, George H.W.",republican,428442,647008,66.22
1988,Utah,UT,49,"Dukakis, Michael",democrat,207343,647008,32.05
1988,Vermont,VT,50,"Bush, George H.W.",republican,124331,243328,51.1
1988,Vermont,VT,50,"Dukakis, Michael",democrat,115775,243328,47.58
1988,Virginia,VA,51,"Bush, George H.W.",republican,1309162,2191609,59.74
1988,Virginia,VA,51,"Dukakis, Michael",democrat,859799,2191609,39.23
1988,Washington,WA,53,"Dukakis, Michael",democrat,933516,1865253,50.05
1988,Washington,WA,53,"Bush, George H.W.",republican,903835,1865253,48.46
1988,West Virginia,WV,54,"Dukakis, Michael",democrat,341016,653311,52.2
1988,West Virginia,WV,54,"Bush, George H.W.",republican,310065,653311,47.46
1988,Wisconsin,WI,55,"Dukakis, Michael",democrat,1126794,2191608,51.41
1988,Wisconsin,WI,55,"Bush, George H.W.",republican,1047499,2191608,47.8
1988,Wyoming,WY,56,"Bush, George H.W.",republican,106867,176551,60.53
1988,Wyoming,WY,56,"Dukakis, Michael",democrat,67113,176551,38.01
1992,Alabama,AL,1,"Bush, George H.W.",republican,804283,1688060,47.65
1992,Alabama,AL,1,"Clinton, Bill",democrat,690080,1688060,40.88
1992,Alaska,AK,2,"Bush, George H.W.",republican,102000,258506,39.46
1992,Alaska,AK,2,"Clinton, Bill",democrat,78294,258506,30.29
1992,Arizona,AZ,4,"Bush, George H.W.",republican,572086,1486975,38.47
1992,Arizona,AZ,4,"Clinton, Bill",democrat,543050,1486975,36.52
1992,Arkansas,AR,5,"Clinton, Bill",democrat,505823,950653,53.21
1992,Arkansas,AR,5,"Bush, George H.W.",republican,337324,950653,35.48
1992,California,CA,6,"Clinton, Bill",democrat,5121325,11131721,46.01
1992,California,CA,6,"Bush, George H.W.",republican,3630574,11131721,32.61
1992,Colorado,CO,8,"Clinton, Bill",democrat,629681,1569180,40.13
1992,Colorado,CO,8,"Bush, George H.W.",republican,562850,1569180,35.87
1992,Connecticut,CT,9,"Clinton, Bill",democrat,682318,1616156,42.22
1992,Connecticut,CT,9,"Bush, George H.W.",republican,578313,1616156,35.78
1992,Delaware,DE,10,"Clinton, Bill",democrat,126054,289620,43.52
1992,Delaware,DE,10,"Bush, George H.W.",republican,102313,289620,35.33
1992,District of Columbia,DC,11,"Clinton, Bill",democrat,192619,227572,84.64
1992,District of Columbia,DC,11,"Bush, George H.W.",republican,20698,227572,9.1
1992,Florida,FL,12,"Bush, George H.W.",republican,2173310,5313392,40.9
1992,Florida,FL,12,"Clinton, Bill",democrat,2071698,5313392,38.99
1992,Georgia,GA,13,"Clinton, Bill",democrat,1008966,2321133,43.47
1992,Georgia,GA,13,"Bush, George H.W.",republican,995252,2321133,42.88
1992,Hawaii,HI,15,"Clinton, Bill",democrat,179310,372842,48.09
1992,Hawaii,HI,15,"Bush, George H.W.",republican,136822,372842,36.7
1992,Idaho,ID,16,"Bush, George H.W.",republican,202645,482114,42.03
1992,Idaho,ID,16,"Clinton, Bill",democrat,137013,482114,28.42
1992,Illinois,IL,17,"Clinton, Bill",democrat,2453350,5050157,48.58
1992,Illinois,IL,17,"Bush, George H.W.",republican,1734096,5050157,34.34
1992,Indiana,IN,18,"Bush, George H.W.",republican,989375,2305871,42.91
1992,Indiana,IN,18,"Clinton, Bill",democrat,848420,2305871,36.79
1992,Iowa,IA,19,"Clinton, Bill",democrat,586353,1354607,43.29
1992,Iowa,IA,19,"Bush, George H.W.",republican,504891,1354607,37.27
1992,Kansas,KS,20,"Bush, George H.W.",republican,449951,1157236,38.88
1992,Kansas,KS,20,"Clinton, Bill",democrat,390434,1157236,33.74
1992,Kentucky,KY,21,"Clinton, Bill",democrat,665104,1492900,44.55
1992,Kentucky,KY,21,"Bush, George H.W.",republican,617178,1492900,41.34
1992,Louisiana,LA,22,"Clinton, Bill",democrat,815971,1790017,45.58
1992,Louisiana,LA,22,"Bush, George H.W.",republican,733386,1790017,40.97
1992,Maine,ME,23,"Clinton, Bill",democrat,263420,679499,38.77
1992,Maine,ME,23,"Bush, George H.W.",republican,206504,679499,30.39
1992,Maryland,MD,24,"Clinton, Bill",democrat,988571,1984580,49.81
1992,Maryland,MD,24,"Bush, George H.W.",republican,707094,1984580,35.63
1992,Massachusetts,MA,25,"Clinton, Bill",democrat,1318639,2773664,47.54
1992,Massachusetts,MA,25,"Bush, George H.W.",republican,805039,2773664,29.02
1992,Michigan,MI,26,"Clinton, Bill",democrat,1871182,4274673,43.77
1992,Michigan,MI,26,"Bush, George H.W.",republican,1554940,4274673,36.38
1992,Minnesota,MN,27,"Clinton, Bill",democrat,1020997,2347948,43.48
1992,Minnesota,MN,27,"Bush, George H.W.",republican,747841,2347948,31.85
1992,Mississippi,MS,28,"Bush, George H.W.",republican,487793,981793,49.68
1992,Mississippi,MS,28,"Clinton, Bill",democrat,400258,981793,40.77
1992,Missouri,MO,29,"Clinton, Bill",democrat,1053873,2391270,44.07
1992,Missouri,MO,29,"Bush, George H.W.",republican,811159,2391270,33.92
1992,Montana,MT,30,"Clinton, Bill",democrat,154507,410583,37.63
1992,Montana,MT,30,"Bush, George H.W.",republican,144207,410583,35.12
1992,Nebraska,NE,31,"Bush, George H.W.",republican,343678,737546,46.6
1992,Nebraska,NE,31,"Clinton, Bill",democrat,216864,737546,29.4
1992,Nevada,NV,32,"Clinton, Bill",democrat,189148,506318,37.36
1992,Nevada,NV,32,"Bush, George H.W.",republican,175828,506318,34.73
1992,New Hampshire,NH,33,"Clinton, Bill",democrat,209040,537215,38.91
1992,New Hampshire,NH,33,"Bush, George H.W.",republican,202484,537215,37.69
1992,New Jersey,NJ,34,"Clinton, Bill",democrat,1436206,3343594,42.95
1992,New Jersey,NJ,34,"Bush, George H.W.",republican,1356865,3343594,40.58
1992,New Mexico,NM,35,"Clinton, Bill",democrat,261617,569986,45.9
1992,New Mexico,NM,35,"Bush, George H.W.",republican,212824,569986,37.34
1992,New York,NY,36,"Clinton, Bill",democrat,3346894,7079432,47.28
1992,New York,NY,36,"Bush, George H.W.",republican,2041690,7079432,28.84
1992,North Carolina,NC,37,"Bush, George H.W.",republican,1134661,2611850,43.44
1992,North Carolina,NC,37,"Clinton, Bill",democrat,1114042,2611850,42.65
1992,North Dakota,ND,38,"Bush, George H.W.",republican,136244,308133,44.22
1992,North Dakota,ND,38,"Clinton, Bill",democrat,99168,308133,32.18
1992,Ohio,OH,39,"Clinton, Bill",democrat,1984942,4939967,40.18
1992,Ohio,OH,39,"Bush, George H.W.",republican,1894310,4939967,38.35
1992,Oklahoma,OK,40,"Bush, George H.W.",republican,592929,1390359,42.65
1992,Oklahoma,OK,40,"Clinton, Bill",democrat,473066,1390359,34.02
1992,Oregon,OR,41,"Clinton, Bill",democrat,621314,1462643,42.48
1992,Oregon,OR,41,"Bush, George H.W.",republican,475757,1462643,32.53
1992,Pennsylvania,PA,42,"Clinton, Bill",democrat,2239164,4959810,45.15
1992,Pennsylvania,PA,42,"Bush, George H.W.",republican,1791841,4959810,36.13
1992,Rhode Island,RI,44,"Clinton, Bill",democrat,213299,453365,47.05
1992,Rhode Island,RI,44,"Bush, George H.W.",republican,131601,453365,29.03
1992,South Carolina,SC,45,"Bush, George H.W.",republican,577507,1228912,46.99
1992,South Carolina,SC,45,"Clinton, Bill",democrat,525514,1228912,42.76
1992,South Dakota,SD,46,"Bush, George H.W.",republican,136718,336254,40.66
1992,South Dakota,SD,46,"Clinton, Bill",democrat,124888,336254,37.14
1992,Tennessee,TN,47,"Clinton, Bill",democrat,933521,1982638,47.08
1992,Tennessee,TN,47,"Bush, George H.W.",republican,841300,1982638,42.43
1992,Texas,TX,48,"Bush, George H.W.",republican,2496071,6154018,40.56
1992,Texas,TX,48,"Clinton, Bill",democrat,2281815,6154018,37.08
1992,Utah,UT,49,"Bush, George H.W.",republican,322632,743998,43.36
1992,Utah,UT,49,"Clinton, Bill",democrat,183429,743998,24.65
1992,Vermont,VT,50,"Clinton, Bill",democrat,133592,289701,46.11
1992,Vermont,VT,50,"Bush, George H.W.",republican,88122,289701,30.42
1992,Virginia,VA,51,"Bush, George H.W.",republican,1150517,2559129,44.96
1992,Virginia,VA,51,"Clinton, Bill",democrat,1038650,2559129,40.59
1992,Washington,WA,53,"Clinton, Bill",democrat,993037,2287565,43.41
1992,Washington,WA,53,"Bush, George H.W.",republican,731234,2287565,31.97
1992,West Virginia,WV,54,"Clinton, Bill",democrat,331001,683677,48.41
1992,West Virginia,WV,54,"Bush, George H.W.",republican,241974,683677,35.39
1992,Wisconsin,WI,55,"Clinton, Bill",democrat,1041066,2531064,41.13
1992,Wisconsin,WI,55,"Bush, George H.W.",republican,930855,2531064,36.78
1992,Wyoming,WY,56,"Bush, George H.W.",republican,79347,199884,39.7
1992,Wyoming,WY,56,"Clinton, Bill",democrat,68160,199884,34.1
1996,Alabama,AL,1,"Dole, Robert",republican,769044,1534349,50.12
1996,Alabama,AL,1,"Clinton, Bill",democrat,662165,1534349,43.16
1996,Alaska,AK,2,"Dole, Robert",republican,122746,241620,50.8
1996,Alaska,AK,2,"Clinton, Bill",democrat,80380,241620,33.27
1996,Arizona,AZ,4,"Clinton, Bill",democrat,653288,1404405,46.52
1996,Arizona,AZ,4,"Dole, Robert",republican,622073,1404405,44.29
1996,Arkansas,AR,5,"Clinton, Bill",democrat,475171,884262,53.74
1996,Arkansas,AR,5,"Dole, Robert",republican,325416,884262,36.8
1996,California,CA,6,"Clinton, Bill",democrat,5119835,10019469,51.1
1996,California,CA,6,"Dole, Robert",republican,3828381,10019469,38.21
1996,Colorado,CO,8,"Dole, Robert",republican,691848,1510702,45.8
1996,Colorado,CO,8,"Clinton, Bill",democrat,671152,1510702,44.43
1996,Connecticut,CT,9,"Clinton, Bill",democrat,735740,1392614,52.83
1996,Connecticut,CT,9,"Dole, Robert",republican,483109,1392614,34.69
1996,Delaware,DE,10,"Clinton, Bill",democrat,140355,270810,51.83
1996,Delaware,DE,10,"Dole, Robert",republican,99062,270810,36.58
1996,District of Columbia,DC,11,"Clinton, Bill",democrat,158220,185726,85.19
1996,District of Columbia,DC,11,"Dole, Robert",republican,17339,185726,9.34
1996,Florida,FL,12,"Clinton, Bill",democrat,2546870,5303154,48.03
1996,Florida,FL,12,"Dole, Robert",republican,2244536,5303154,42.32
1996,Georgia,GA,13,"Dole, Robert",republican,1080843,2298899,47.02
1996,Georgia,GA,13,"Clinton, Bill",democrat,1053849,2298899,45.84
1996,Hawaii,HI,15,"Clinton, Bill",democrat,205012,360120,56.93
1996,Hawaii,HI,15,"Dole, Robert",republican,113943,360120,31.64
1996,Idaho,ID,16,"Dole, Robert",republican,256595,491711,52.18
1996,Idaho,ID,16,"Clinton, Bill",democrat,165443,491711,33.65
1996,Illinois,IL,17,"Clinton, Bill",democrat,2341744,4311391,54.32
1996,Illinois,IL,17,"Dole, Robert",republican,1587021,4311391,36.81
1996,Indiana,IN,18,"Dole, Robert",republican,1006693,2135431,47.14
1996,Indiana,IN,18,"Clinton, Bill",democrat,887424,2135431,41.56
1996,Iowa,IA,19,"Clinton, Bill",democrat,620258,1234075,50.26
1996,Iowa,IA,19,"Dole, Robert",republican,492644,1234075,39.92
1996,Kansas,KS,20,"Dole, Robert",republican,583245,1074300,54.29
1996,Kansas,KS,20,"Clinton, Bill",democrat,387659,1074300,36.08
1996,Kentucky,KY,21,"Clinton, Bill",democrat,636614,1388708,45.84
1996,Kentucky,KY,21,"Dole, Robert",republican,623283,1388708,44.88
1996,Louisiana,LA,22,"Clinton, Bill",democrat,927837,1783959,52.01
1996,Louisiana,LA,22,"Dole, Robert",republican,712586,1783959,39.94
1996,Maine,ME,23,"Clinton, Bill",democrat,312788,605897,51.62
1996,Maine,ME,23,"Dole, Robert",republican,186378,605897,30.76
1996,Maryland,MD,24,"Clinton, Bill",democrat,966207,1780870,54.25
1996,Maryland,MD,24,"Dole, Robert",republican,681530,1780870,38.27
1996,Massachusetts,MA,25,"Clinton, Bill",democrat,1571509,2556459,61.47
1996,Massachusetts,MA,25,"Dole, Robert",republican,718058,2556459,28.09
1996,Michigan,MI,26,"Clinton, Bill",democrat,1989653,3848844,51.69
1996,Michigan,MI,26,"Dole, Robert",republican,1481212,3848844,38.48
1996,Minnesota,MN,27,"Clinton, Bill",democrat,1120380,2192492,51.1
1996,Minnesota,MN,27,"Dole, Robert",republican,766395,2192492,34.96
1996,Mississippi,MS,28,"Dole, Robert",republican,439838,893857,49.21
1996,Mississippi,MS,28,"Clinton, Bill",democrat,394022,893857,44.08
1996,Missouri,MO,29,"Clinton, Bill",democrat,1025935,2158065,47.54
1996,Missouri,MO,29,"Dole, Robert",republican,890016,2158065,41.24
1996,Montana,MT,30,"Dole, Robert",republican,179652,407083,44.13
1996,Montana,MT,30,"Clinton, Bill",democrat,167922,407083,41.25
1996,Nebraska,NE,31,"Dole, Robert",republican,363467,677415,53.65
1996,Nebraska,NE,31,"Clinton, Bill",democrat,236761,677415,34.95
1996,Nevada,NV,32,"Clinton, Bill",democrat,203974,464279,43.93
1996,Nevada,NV,32,"Dole, Robert",republican,199244,464279,42.91
1996,New Hampshire,NH,33,"Clinton, Bill",democrat,246166,496597,49.57
1996,New Hampshire,NH,33,"Dole, Robert",republican,196486,496597,39.57
1996,New Jersey,NJ,34,"Clinton, Bill",democrat,1652361,3075860,53.72
1996,New Jersey,NJ,34,"Dole, Robert",republican,1103099,3075860,35.86
1996,New Mexico,NM,35,"Clinton, Bill",democrat,273495,556074,49.18
1996,New Mexico,NM,35,"Dole, Robert",republican,232751,556074,41.86
1996,New York,NY,36,"Clinton, Bill",democrat,3649630,6439129,56.68
1996,New York,NY,36,"Dole, Robert",republican,1738707,6439129,27
1996,North Carolina,NC,37,"Dole, Robert",republican,1225938,2515807,48.73
1996,North Carolina,NC,37,"Clinton, Bill",democrat,1107849,2515807,44.04
1996,North Dakota,ND,38,"Dole, Robert",republican,125050,266411,46.94
1996,North Dakota,ND,38,"Clinton, Bill",democrat,106905,266411,40.13
1996,Ohio,OH,39,"Clinton, Bill",democrat,2148222,4534434,47.38
1996,Ohio,OH,39,"Dole, Robert",republican,1859883,4534434,41.02
1996,Oklahoma,OK,40,"Dole, Robert",republican,582315,1206713,48.26
1996,Oklahoma,OK,40,"Clinton, Bill",democrat,488105,1206713,40.45
1996,Oregon,OR,41,"Clinton, Bill",democrat,649641,1377760,47.15
1996,Oregon,OR,41,"Dole, Robert",republican,538152,1377760,39.06
1996,Pennsylvania,PA,42,"Clinton, Bill",democrat,2215819,4501307,49.23
1996,Pennsylvania,PA,42,"Dole, Robert",republican,1801169,4501307,40.01
1996,Rhode Island,RI,44,"Clinton, Bill",democrat,233050,390247,59.72
1996,Rhode Island,RI,44,"Dole, Robert",republican,104683,390247,26.82
1996,South Carolina,SC,45,"Dole, Robert",republican,573339,1150182,49.85
1996,South Carolina,SC,45,"Clinton, Bill",democrat,506152,1150182,44.01
1996,South Dakota,SD,46,"Dole, Robert",republican,150543,323826,46.49
1996,South Dakota,SD,46,"Clinton, Bill",democrat,139333,323826,43.03
1996,Tennessee,TN,47,"Clinton, Bill",democrat,909146,1894105,48
1996,Tennessee,TN,47,"Dole, Robert",republican,863530,1894105,45.59
1996,Texas,TX,48,"Dole, Robert",republican,2736167,5611644,48.76
1996,Texas,TX,48,"Clinton, Bill",democrat,2459683,5611644,43.83
1996,Utah,UT,49,"Dole, Robert",republican,361911,665629,54.37
1996,Utah,UT,49,"Clinton, Bill",democrat,221633,665629,33.3
1996,Vermont,VT,50,"Clinton, Bill",democrat,137894,258449,53.35
1996,Vermont,VT,50,"Dole, Robert",republican,80352,258449,31.09
1996,Virginia,VA,51,"Dole, Robert",republican,1138350,2416642,47.1
1996,Virginia,VA,51,"Clinton, Bill",democrat,1091060,2416642,45.15
1996,Washington,WA,53,"Clinton, Bill",democrat,1123323,2253837,49.84
1996,Washington,WA,53,"Dole, Robert",republican,840712,2253837,37.3
1996,West Virginia,WV,54,"Clinton, Bill",democrat,327812,636459,51.51
1996,West Virginia,WV,54,"Dole, Robert",republican,233946,636459,36.76
1996,Wisconsin,WI,55,"Clinton, Bill",democrat,1071971,2196169,48.81
1996,Wisconsin,WI,55,"Dole, Robert",republican,845029,2196169,38.48
1996,Wyoming,WY,56,"Dole, Robert",republican,105388,211571,49.81
1996,Wyoming,WY,56,"Clinton, Bill",democrat,77934,211571,36.84
2000,Alabama,AL,1,"Bush, George W.",republican,941173,1666272,56.48
2000,Alabama,AL,1,"Gore, Al",democrat,692611,1666272,41.57
2000,Alaska,AK,2,"Bush, George W.",republican,167398,285560,58.62
2000,Alaska,AK,2,"Gore, Al",democrat,79004,285560,27.67
2000,Arizona,AZ,4,"Bush, George W.",republican,781652,1532016,51.02
2000,Arizona,AZ,4,"Gore, Al",democrat,685341,1532016,44.73
2000,Arkansas,AR,5,"Bush, George W.",republican,472940,921781,51.31
2000,Arkansas,AR,5,"Gore, Al",democrat,422768,921781,45.86
2000,California,CA,6,"Gore, Al",democrat,5861203,10965822,53.45
2000,California,CA,6,"Bush, George W.",republican,4567429,10965822,41.65
2000,Colorado,CO,8,"Bush, George W.",republican,883748,1741368,50.75
2000,Colorado,CO,8,"Gore, Al",democrat,738227,1741368,42.39
2000,Connecticut,CT,9,"Gore, Al",democrat,816015,1459525,55.91
2000,Connecticut,CT,9,"Bush, George W.",republican,561094,1459525,38.44
2000,Delaware,DE,10,"Gore, Al",democrat,180068,327529,54.98
2000,Delaware,DE,10,"Bush, George W.",republican,137288,327529,41.92
2000,District of Columbia,DC,11,"Gore, Al",democrat,171923,201894,85.16
2000,District of Columbia,DC,11,"Bush, George W.",republican,18073,201894,8.95
2000,Florida,FL,12,"Bush, George W.",republican,2912790,5963110,48.85
2000,Florida,FL,12,"Gore, Al",democrat,2912253,5963110,48.84
2000,Georgia,GA,13,"Bush, George W.",republican,1419720,2583208,54.96
2000,Georgia,GA,13,"Gore, Al",democrat,1116230,2583208,43.21
2000,Hawaii,HI,15,"Gore, Al",democrat,205286,367951,55.79
2000,Hawaii,HI,15,"Bush, George W.",republican,137845,367951,37.46
2000,Idaho,ID,16,"Bush, George W.",republican,336937,501615,67.17
2000,Idaho,ID,16,"Gore, Al",democrat,138637,501615,27.64
2000,Illinois,IL,17,"Gore, Al",democrat,2589026,4742108,54.6
2000,Illinois,IL,17,"Bush, George W.",republican,2019421,4742108,42.58
2000,Indiana,IN,18,"Bush, George W.",republican,1245836,2199302,56.65
2000,Indiana,IN,18,"Gore, Al",democrat,901980,2199302,41.01
2000,Iowa,IA,19,"Gore, Al",democrat,638517,1353022,47.19
2000,Iowa,IA,19,"Bush, George W.",republican,634373,1353022,46.89
2000,Kansas,KS,20,"Bush, George W.",republican,622332,1072216,58.04
2000,Kansas,KS,20,"Gore, Al",democrat,399276,1072216,37.24
2000,Kentucky,KY,21,"Bush, George W.",republican,872520,1544106,56.51
2000,Kentucky,KY,21,"Gore, Al",democrat,638923,1544106,41.38
2000,Louisiana,LA,22,"Bush, George W.",republican,927871,1765656,52.55
2000,Louisiana,LA,22,"Gore, Al",democrat,792344,1765656,44.88
2000,Maine,ME,23,"Gore, Al",democrat,319951,651817,49.09
2000,Maine,ME,23,"Bush, George W.",republican,286616,651817,43.97
2000,Maryland,MD,24,"Gore, Al",democrat,1144008,2025212,56.49
2000,Maryland,MD,24,"Bush, George W.",republican,813827,2025212,40.18
2000,Massachusetts,MA,25,"Gore, Al",democrat,1616487,2733964,59.13
2000,Massachusetts,MA,25,"Bush, George W.",republican,878502,2733964,32.13
2000,Michigan,MI,26,"Gore, Al",democrat,2170418,4232501,51.28
2000,Michigan,MI,26,"Bush, George W.",republican,1953139,4232501,46.15
2000,Minnesota,MN,27,"Bush, George W.",republican,1109659,2438685,45.5
2000,Mississippi,MS,28,"Bush, George W.",republican,572844,994184,57.62
2000,Mississippi,MS,28,"Gore, Al",democrat,404614,994184,40.7
2000,Missouri,MO,29,"Bush, George W.",republican,1189924,2359892,50.42
2000,Missouri,MO,29,"Gore, Al",democrat,1111138,2359892,47.08
2000,Montana,MT,30,"Bush, George W.",republican,240178,410986,58.44
2000,Montana,MT,30,"Gore, Al",democrat,137126,410986,33.37
2000,Nebraska,NE,31,"Bush, George W.",republican,433862,697019,62.25
2000,Nebraska,NE,31,"Gore, Al",democrat,231780,697019,33.25
2000,Nevada,NV,32,"Bush, George W.",republican,301575,609426,49.49
2000,Nevada,NV,32,"Gore, Al",democrat,279978,609426,45.94
2000,New Hampshire,NH,33,"Bush, George W.",republican,273559,569081,48.07
2000,New Hampshire,NH,33,"Gore, Al",democrat,266348,569081,46.8
2000,New Jersey,NJ,34,"Gore, Al",democrat,1788850,3187226,56.13
2000,New Jersey,NJ,34,"Bush, George W.",republican,1284173,3187226,40.29
2000,New Mexico,NM,35,"Gore, Al",democrat,286783,598605,47.91
2000,New Mexico,NM,35,"Bush, George W.",republican,286417,598605,47.85
2000,New York,NY,36,"Gore, Al",democrat,3942215,6960215,56.64
2000,New York,NY,36,"Bush, George W.",republican,2258577,6960215,32.45
2000,North Carolina,NC,37,"Bush, George W.",republican,1631163,2914990,55.96
2000,North Carolina,NC,37,"Gore, Al",democrat,1257692,2914990,43.15
2000,North Dakota,ND,38,"Bush, George W.",republican,174852,288256,60.66
2000,North Dakota,ND,38,"Gore, Al",democrat,95284,288256,33.06
2000,Ohio,OH,39,"Bush, George W.",republican,2350363,4701998,49.99
2000,Ohio,OH,39,"Gore, Al",democrat,2183628,4701998,46.44
2000,Oklahoma,OK,40,"Bush, George W.",republican,744337,1234229,60.31
2000,Oklahoma,OK,40,"Gore, Al",democrat,474276,1234229,38.43
2000,Oregon,OR,41,"Gore, Al",democrat,720342,1533950,46.96
2000,Oregon,OR,41,"Bush, George W.",republican,713577,1533950,46.52
2000,Pennsylvania,PA,42,"Gore, Al",democrat,2485967,4912185,50.61
2000,Pennsylvania,PA,42,"Bush, George W.",republican,2281127,4912185,46.44
2000,Rhode Island,RI,44,"Gore, Al",democrat,249508,409112,60.99
2000,Rhode Island,RI,44,"Bush, George W.",republican,130555,409112,31.91
2000,South Carolina,SC,45,"Bush, George W.",republican,786892,1383902,56.86
2000,South Carolina,SC,45,"Gore, Al",democrat,566037,1383902,40.9
2000,South Dakota,SD,46,"Bush, George W.",republican,190700,316269,60.3
2000,South Dakota,SD,46,"Gore, Al",democrat,118804,316269,37.56
2000,Tennessee,TN,47,"Bush, George W.",republican,1061949,2076181,51.15
2000,Tennessee,TN,47,"Gore, Al",democrat,981720,2076181,47.28
2000,Texas,TX,48,"Bush, George W.",republican,3799639,6407637,59.3
2000,Texas,TX,48,"Gore, Al",democrat,2433746,6407637,37.98
2000,Utah,UT,49,"Bush, George W.",republican,515096,770754,66.83
2000,Utah,UT,49,"Gore, Al",democrat,203053,770754,26.34
2000,Vermont,VT,50,"Gore, Al",democrat,149022,294308,50.63
2000,Vermont,VT,50,"Bush, George W.",republican,119775,294308,40.7
2000,Virginia,VA,51,"Bush, George W.",republican,1437490,2739447,52.47
2000,Virginia,VA,51,"Gore, Al",democrat,1217290,2739447,44.44
2000,Washington,WA,53,"Gore, Al",democrat,1247652,2487433,50.16
2000,Washington,WA,53,"Bush, George W.",republican,1108864,2487433,44.58
2000,West Virginia,WV,54,"Bush, George W.",republican,336475,648124,51.92
2000,West Virginia,WV,54,"Gore, Al",democrat,295497,648124,45.59
2000,Wisconsin,WI,55,"Gore, Al",democrat,1242987,2598607,47.83
2000,Wisconsin,WI,55,"Bush, George W.",republican,1237279,2598607,47.61
2000,Wyoming,WY,56,"Bush, George W.",republican,147947,213726,69.22
2000,Wyoming,WY,56,"Gore, Al",democrat,60481,213726,28.3
2004,Alabama,AL,1,"Bush, George W.",republican,1176394,1883415,62.46
2004,Alabama,AL,1,"Kerry, John",democrat,693933,1883415,36.84
2004,Alaska,AK,2,"Bush, George W.",republican,190889,312598,61.07
2004,Alaska,AK,2,"Kerry, John",democrat,111025,312598,35.52
2004,Arizona,AZ,4,"Bush, George W.",republican,1104294,2012585,54.87
2004,Arizona,AZ,4,"Kerry, John",democrat,893524,2012585,44.4
2004,Arkansas,AR,5,"Bush, George W.",republican,572898,1054945,54.31
2004,Arkansas,AR,5,"Kerry, John",democrat,469953,1054945,44.55
2004,California,CA,6,"Kerry, John",democrat,6745485,12421353,54.31
2004,California,CA,6,"Bush, George W.",republican,5509826,12421353,44.36
2004,Colorado,CO,8,"Bush, George W.",republican,1101255,2129630,51.71
2004,Colorado,CO,8,"Kerry, John",democrat,1001732,2129630,47.04
2004,Connecticut,CT,9,"Kerry, John",democrat,857488,1578769,54.31
2004,Connecticut,CT,9,"Bush, George W.",republican,693826,1578769,43.95
2004,Delaware,DE,10,"Kerry, John",democrat,200152,375190,53.35
2004,Delaware,DE,10,"Bush, George W.",republican,171660,375190,45.75
2004,District of Columbia,DC,11,"Kerry, John",democrat,202970,227586,89.18
2004,District of Columbia,DC,11,"Bush, George W.",republican,21256,227586,9.34
2004,Florida,FL,12,"Bush, George W.",republican,3964522,7609810,52.1
2004,Florida,FL,12,"Kerry, John",democrat,3583544,7609810,47.09
2004,Georgia,GA,13,"Bush, George W.",republican,1914254,3301875,57.97
2004,Georgia,GA,13,"Kerry, John",democrat,1366149,3301875,41.37
2004,Hawaii,HI,15,"Kerry, John",democrat,231708,429013,54.01
2004,Hawaii,HI,15,"Bush, George W.",republican,194191,429013,45.26
2004,Idaho,ID,16,"Bush, George W.",republican,409235,598376,68.39
2004,Idaho,ID,16,"Kerry, John",democrat,181098,598376,30.26
2004,Illinois,IL,17,"Kerry, John",democrat,2891550,5274322,54.82
2004,Illinois,IL,17,"Bush, George W.",republican,2345946,5274322,44.48
2004,Indiana,IN,18,"Bush, George W.",republican,1479438,2468002,59.94
2004,Indiana,IN,18,"Kerry, John",democrat,969011,2468002,39.26
2004,Iowa,IA,19,"Bush, George W.",republican,751957,1506908,49.9
2004,Iowa,IA,19,"Kerry, John",democrat,741898,1506908,49.23
2004,Kansas,KS,20,"Bush, George W.",republican,736456,1187756,62
2004,Kansas,KS,20,"Kerry, John",democrat,434993,1187756,36.62
2004,Kentucky,KY,21,"Bush, George W.",republican,1069439,1795882,59.55
2004,Kentucky,KY,21,"Kerry, John",democrat,712733,1795882,39.69
2004,Louisiana,LA,22,"Bush, George W.",republican,1102169,1943106,56.72
2004,Louisiana,LA,22,"Kerry, John",democrat,820299,1943106,42.22
2004,Maine,ME,23,"Kerry, John",democrat,396842,740752,53.57
2004,Maine,ME,23,"Bush, George W.",republican,330201,740752,44.58
2004,Maryland,MD,24,"Kerry, John",democrat,1334493,2384238,55.97
2004,Maryland,MD,24,"Bush, George W.",republican,1024703,2384238,42.98
2004,Maryland,MD,24,Other,democrat,7,2384238,0
2004,Massachusetts,MA,25,"Kerry, John",democrat,1803800,2927455,61.62
2004,Massachusetts,MA,25,"Bush, George W.",republican,1071109,2927455,36.59
2004,Michigan,MI,26,"Kerry, John",democrat,2479183,4839252,51.23
2004,Michigan,MI,26,"Bush, George W.",republican,2313746,4839252,47.81
2004,Minnesota,MN,27,"Bush, George W.",republican,1346695,2828387,47.61
2004,Mississippi,MS,28,"Bush, George W.",republican,672660,1139824,59.01
2004,Mississippi,MS,28,"Kerry, John",democrat,457766,1139824,40.16
2004,Missouri,MO,29,"Bush, George W.",republican,1455713,2731364,53.3
2004,Missouri,MO,29,"Kerry, John",democrat,1259171,2731364,46.1
2004,Montana,MT,30,"Bush, George W.",republican,266063,450434,59.07
2004,Montana,MT,30,"Kerry, John",democrat,173710,450434,38.57
2004,Nebraska,NE,31,"Bush, George W.",republican,512814,778186,65.9
2004,Nebraska,NE,31,"Kerry, John",democrat,254328,778186,32.68
2004,Nevada,NV,32,"Bush, George W.",republican,418690,829587,50.47
2004,Nevada,NV,32,"Kerry, John",democrat,397190,829587,47.88
2004,New Hampshire,NH,33,"Kerry, John",democrat,340511,678287,50.2
2004,New Hampshire,NH,33,"Bush, George W.",republican,331237,678287,48.83
2004,New Jersey,NJ,34,"Kerry, John",democrat,1911430,3611691,52.92
2004,New Jersey,NJ,34,"Bush, George W.",republican,1670003,3611691,46.24
2004,New Mexico,NM,35,"Bush, George W.",republican,376930,756304,49.84
2004,New Mexico,NM,35,"Kerry, John",democrat,370942,756304,49.05
2004,New York,NY,36,"Kerry, John",democrat,4180755,7448266,56.13
2004,New York,NY,36,"Bush, George W.",republican,2806993,7448266,37.69
2004,North Carolina,NC,37,"Bush, George W.",republican,1961166,3501007,56.02
2004,North Carolina,NC,37,"Kerry, John",democrat,1525849,3501007,43.58
2004,North Dakota,ND,38,"Bush, George W.",republican,196651,312833,62.86
2004,North Dakota,ND,38,"Kerry, John",democrat,111052,312833,35.5
2004,Ohio,OH,39,"Bush, George W.",republican,2859764,5627903,50.81
2004,Ohio,OH,39,"Kerry, John",democrat,2741165,5627903,48.71
2004,Oklahoma,OK,40,"Bush, George W.",republican,959792,1463758,65.57
2004,Oklahoma,OK,40,"Kerry, John",democrat,503966,1463758,34.43
2004,Oregon,OR,41,"Kerry, John",democrat,943163,1836782,51.35
2004,Oregon,OR,41,"Bush, George W.",republican,866831,1836782,47.19
2004,Pennsylvania,PA,42,"Kerry, John",democrat,2938095,5769590,50.92
2004,Pennsylvania,PA,42,"Bush, George W.",republican,2793847,5769590,48.42
2004,Rhode Island,RI,44,"Kerry, John",democrat,259760,437134,59.42
2004,Rhode Island,RI,44,"Bush, George W.",republican,169046,437134,38.67
2004,South Carolina,SC,45,"Bush, George W.",republican,937974,1617700,57.98
2004,South Carolina,SC,45,"Kerry, John",democrat,661669,1617700,40.9
2004,South Dakota,SD,46,"Bush, George W.",republican,232584,388215,59.91
2004,South Dakota,SD,46,"Kerry, John",democrat,149244,388215,38.44
2004,Tennessee,TN,47,"Bush, George W.",republican,1384375,2437319,56.8
2004,Tennessee,TN,47,"Kerry, John",democrat,1036477,2437319,42.53
2004,Texas,TX,48,"Bush, George W.",republican,4526917,7410749,61.09
2004,Texas,TX,48,"Kerry, John",democrat,2832704,7410749,38.22
2004,Utah,UT,49,"Bush, George W.",republican,663742,927844,71.54
2004,Utah,UT,49,"Kerry, John",democrat,241199,927844,26
2004,Vermont,VT,50,"Kerry, John",democrat,184067,312309,58.94
2004,Vermont,VT,50,"Bush, George W.",republican,121180,312309,38.8
2004,Virginia,VA,51,"Bush, George W.",republican,1716959,3195415,53.73
2004,Virginia,VA,51,"Kerry, John",democrat,1454742,3195415,45.53
2004,Washington,WA,53,"Kerry, John",democrat,1510201,2859084,52.82
2004,Washington,WA,53,"Bush, George W.",republican,1304894,2859084,45.64
2004,West Virginia,WV,54,"Bush, George W.",republican,423778,755792,56.07
2004,West Virginia,WV,54,"Kerry, John",democrat,326541,755792,43.21
2004,Wisconsin,WI,55,"Kerry, John",democrat,1489504,2997007,49.7
2004,Wisconsin,WI,55,"Bush, George W.",republican,1478120,2997007,49.32
2004,Wyoming,WY,56,"Bush, George W.",republican,167629,243861,68.74
2004,Wyoming,WY,56,"Kerry, John",democrat,70776,243861,29.02
2008,Alabama,AL,1,"McCain, John",republican,1266546,2099819,60.32
2008,Alabama,AL,1,"Obama, Barack H.",democrat,813479,2099819,38.74
2008,Alaska,AK,2,"McCain, John",republican,193841,326197,59.42
2008,Alaska,AK,2,"Obama, Barack H.",democrat,123594,326197,37.89
2008,Arizona,AZ,4,"McCain, John",republican,1230111,2293475,53.64
2008,Arizona,AZ,4,"Obama, Barack H.",democrat,1034707,2293475,45.12
2008,Arkansas,AR,5,"McCain, John",republican,638017,1086617,58.72
2008,Arkansas,AR,5,"Obama, Barack H.",democrat,422310,1086617,38.86
2008,California,CA,6,"Obama, Barack H.",democrat,8274473,13561900,61.01
2008,California,CA,6,"McCain, John",republican,5011781,13561900,36.95
2008,Colorado,CO,8,"Obama, Barack H.",democrat,1288576,2401361,53.66
2008,Colorado,CO,8,"McCain, John",republican,1073589,2401361,44.71
2008,Connecticut,CT,9,"Obama, Barack H.",democrat,997772,1646792,60.59
2008,Connecticut,CT,9,"McCain, John",republican,629428,1646792,38.22
2008,Delaware,DE,10,"Obama, Barack H.",democrat,255459,412412,61.94
2008,Delaware,DE,10,"McCain, John",republican,152374,412412,36.95
2008,District of Columbia,DC,11,"Obama, Barack H.",democrat,245800,265853,92.46
2008,District of Columbia,DC,11,"McCain, John",republican,17367,265853,6.53
2008,Florida,FL,12,"Obama, Barack H.",democrat,4282074,8390744,51.03
2008,Florida,FL,12,"McCain, John",republican,4045624,8390744,48.22
2008,Georgia,GA,13,"McCain, John",republican,2048759,3924486,52.2
2008,Georgia,GA,13,"Obama, Barack H.",democrat,1844123,3924486,46.99
2008,Hawaii,HI,15,"Obama, Barack H.",democrat,325871,456064,71.45
2008,Hawaii,HI,15,"McCain, John",republican,120566,456064,26.44
2008,Idaho,ID,16,"McCain, John",republican,403012,655122,61.52
2008,Idaho,ID,16,"Obama, Barack H.",democrat,236440,655122,36.09
2008,Illinois,IL,17,"Obama, Barack H.",democrat,3419348,5522371,61.92
2008,Illinois,IL,17,"McCain, John",republican,2031179,5522371,36.78
2008,Indiana,IN,18,"Obama, Barack H.",democrat,1374039,2751054,49.95
2008,Indiana,IN,18,"McCain, John",republican,1345648,2751054,48.91
2008,Iowa,IA,19,"Obama, Barack H.",democrat,828940,1537123,53.93
2008,Iowa,IA,19,"McCain, John",republican,682379,1537123,44.39
2008,Kansas,KS,20,"McCain, John",republican,699655,1235872,56.61
2008,Kansas,KS,20,"Obama, Barack H.",democrat,514765,1235872,41.65
2008,Kentucky,KY,21,"McCain, John",republican,1048462,1826620,57.4
2008,Kentucky,KY,21,"Obama, Barack H.",democrat,751985,1826620,41.17
2008,Louisiana,LA,22,"McCain, John",republican,1148275,1960761,58.56
2008,Louisiana,LA,22,"Obama, Barack H.",democrat,782989,1960761,39.93
2008,Maine,ME,23,"Obama, Barack H.",democrat,421923,731163,57.71
2008,Maine,ME,23,"McCain, John",republican,295273,731163,40.38
2008,Maryland,MD,24,"Obama, Barack H.",democrat,1629467,2631596,61.92
2008,Maryland,MD,24,"McCain, John",republican,959862,2631596,36.47
2008,Massachusetts,MA,25,"Obama, Barack H.",democrat,1904097,3102995,61.36
2008,Massachusetts,MA,25,"McCain, John",republican,1108854,3102995,35.73
2008,Michigan,MI,26,"Obama, Barack H.",democrat,2872579,5001596,57.43
2008,Michigan,MI,26,"McCain, John",republican,2048639,5001596,40.96
2008,Minnesota,MN,27,"Obama, Barack H.",democrat,1573354,2910369,54.06
2008,Minnesota,MN,27,"McCain, John",republican,1275409,2910369,43.82
2008,Mississippi,MS,28,"McCain, John",republican,724597,1289865,56.18
2008,Mississippi,MS,28,"Obama, Barack H.",democrat,554662,1289865,43
2008,Missouri,MO,29,"McCain, John",republican,1445814,2925205,49.43
2008,Missouri,MO,29,"Obama, Barack H.",democrat,1441911,2925205,49.29
2008,Montana,MT,30,"McCain, John",republican,242763,490109,49.53
2008,Montana,MT,30,"Obama, Barack H.",democrat,231667,490109,47.27
2008,Nebraska,NE,31,"McCain, John",republican,452979,801281,56.53
2008,Nebraska,NE,31,"Obama, Barack H.",democrat,333319,801281,41.6
2008,Nevada,NV,32,"Obama, Barack H.",democrat,533736,967848,55.15
2008,Nevada,NV,32,"McCain, John",republican,412827,967848,42.65
2008,New Hampshire,NH,33,"Obama, Barack H.",democrat,384826,710970,54.13
2008,New Hampshire,NH,33,"McCain, John",republican,316534,710970,44.52
2008,New Jersey,NJ,34,"Obama, Barack H.",democrat,2215422,3868237,57.27
2008,New Jersey,NJ,34,"McCain, John",republican,1613207,3868237,41.7
2008,New Mexico,NM,35,"Obama, Barack H.",democrat,472422,830158,56.91
2008,New Mexico,NM,35,"McCain, John",republican,346832,830158,41.78
2008,New York,NY,36,"Obama, Barack H.",democrat,4645332,7722019,60.16
2008,New York,NY,36,"McCain, John",republican,2418323,7722019,31.32
2008,North Carolina,NC,37,"Obama, Barack H.",democrat,2142651,4310851,49.7
2008,North Carolina,NC,37,"McCain, John",republican,2128474,4310851,49.37
2008,North Dakota,ND,38,"McCain, John",republican,168601,316621,53.25
2008,North Dakota,ND,38,"Obama, Barack H.",democrat,141278,316621,44.62
2008,Ohio,OH,39,"Obama, Barack H.",democrat,2940044,5708350,51.5
2008,Ohio,OH,39,"McCain, John",republican,2677820,5708350,46.91
2008,Oklahoma,OK,40,"McCain, John",republican,960165,1462661,65.65
2008,Oklahoma,OK,40,"Obama, Barack H.",democrat,502496,1462661,34.35
2008,Oregon,OR,41,"Obama, Barack H.",democrat,1037291,1827864,56.75
2008,Oregon,OR,41,"McCain, John",republican,738475,1827864,40.4
2008,Pennsylvania,PA,42,"Obama, Barack H.",democrat,3276363,6013272,54.49
2008,Pennsylvania,PA,42,"McCain, John",republican,2655885,6013272,44.17
2008,Rhode Island,RI,44,"Obama, Barack H.",democrat,296571,471766,62.86
2008,Rhode Island,RI,44,"McCain, John",republican,165391,471766,35.06
2008,South Carolina,SC,45,"McCain, John",republican,1034896,1920969,53.87
2008,South Carolina,SC,45,"Obama, Barack H.",democrat,862449,1920969,44.9
2008,South Dakota,SD,46,"McCain, John",republican,203054,381975,53.16
2008,South Dakota,SD,46,"Obama, Barack H.",democrat,170924,381975,44.75
2008,Tennessee,TN,47,"McCain, John",republican,1479178,2599749,56.9
2008,Tennessee,TN,47,"Obama, Barack H.",democrat,1087437,2599749,41.83
2008,Texas,TX,48,"McCain, John",republican,4479328,8077795,55.45
2008,Texas,TX,48,"Obama, Barack H.",democrat,3528633,8077795,43.68
2008,Utah,UT,49,"McCain, John",republican,596030,952370,62.58
2008,Utah,UT,49,"Obama, Barack H.",democrat,327670,952370,34.41
2008,Vermont,VT,50,"Obama, Barack H.",democrat,219262,325046,67.46
2008,Vermont,VT,50,"McCain, John",republican,98974,325046,30.45
2008,Virginia,VA,51,"Obama, Barack H.",democrat,1959532,3723260,52.63
2008,Virginia,VA,51,"McCain, John",republican,1725005,3723260,46.33
2008,Washington,WA,53,"Obama, Barack H.",democrat,1750848,3036878,57.65
2008,Washington,WA,53,"McCain, John",republican,1229216,3036878,40.48
2008,West Virginia,WV,54,"McCain, John",republican,397466,713451,55.71
2008,West Virginia,WV,54,"Obama, Barack H.",democrat,303857,713451,42.59
2008,Wisconsin,WI,55,"Obama, Barack H.",democrat,1677211,2983417,56.22
2008,Wisconsin,WI,55,"McCain, John",republican,1262393,2983417,42.31
2008,Wyoming,WY,56,"McCain, John",republican,164958,254904,64.71
2008,Wyoming,WY,56,"Obama, Barack H.",democrat,82868,254904,32.51
2012,Alabama,AL,1,"Romney, Mitt",republican,1255925,2074338,60.55
2012,Alabama,AL,1,"Obama, Barack H.",democrat,795696,2074338,38.36
2012,Alaska,AK,2,"Romney, Mitt",republican,164676,300495,54.8
2012,Alaska,AK,2,"Obama, Barack H.",democrat,122640,300495,40.81
2012,Arizona,AZ,4,"Romney, Mitt",republican,1233654,2299254,53.65
2012,Arizona,AZ,4,"Obama, Barack H.",democrat,1025232,2299254,44.59
2012,Arkansas,AR,5,"Romney, Mitt",republican,647744,1069468,60.57
2012,Arkansas,AR,5,"Obama, Barack H.",democrat,394409,1069468,36.88
2012,California,CA,6,"Obama, Barack H.",democrat,7854285,13038547,60.24
2012,California,CA,6,"Romney, Mitt",republican,4839958,13038547,37.12
2012,Colorado,CO,8,"Obama, Barack H.",democrat,1323101,2569516,51.49
2012,Colorado,CO,8,"Romney, Mitt",republican,1185243,2569516,46.13
2012,Connecticut,CT,9,"Obama, Barack H.",democrat,905083,1558204,58.09
2012,Connecticut,CT,9,"Romney, Mitt",republican,634892,1558204,40.75
2012,Delaware,DE,10,"Obama, Barack H.",democrat,242584,413890,58.61
2012,Delaware,DE,10,"Romney, Mitt",republican,165484,413890,39.98
2012,District of Columbia,DC,11,"Obama, Barack H.",democrat,267070,293764,90.91
2012,District of Columbia,DC,11,"Romney, Mitt",republican,21381,293764,7.28
2012,Florida,FL,12,"Obama, Barack H.",democrat,4237756,8474179,50.01
2012,Florida,FL,12,"Romney, Mitt",republican,4163447,8474179,49.13
2012,Georgia,GA,13,"Romney, Mitt",republican,2078688,3897839,53.33
2012,Georgia,GA,13,"Obama, Barack H.",democrat,1773827,3897839,45.51
2012,Hawaii,HI,15,"Obama, Barack H.",democrat,306658,437159,70.15
2012,Hawaii,HI,15,"Romney, Mitt",republican,121015,437159,27.68
2012,Idaho,ID,16,"Romney, Mitt",republican,420911,652274,64.53
2012,Idaho,ID,16,"Obama, Barack H.",democrat,212787,652274,32.62
2012,Illinois,IL,17,"Obama, Barack H.",democrat,3019512,5242014,57.6
2012,Illinois,IL,17,"Romney, Mitt",republican,2135216,5242014,40.73
2012,Indiana,IN,18,"Romney, Mitt",republican,1420543,2624534,54.13
2012,Indiana,IN,18,"Obama, Barack H.",democrat,1152887,2624534,43.93
2012,Iowa,IA,19,"Obama, Barack H.",democrat,822544,1582180,51.99
2012,Iowa,IA,19,"Romney, Mitt",republican,730617,1582180,46.18
2012,Kansas,KS,20,"Romney, Mitt",republican,692634,1159971,59.71
2012,Kansas,KS,20,"Obama, Barack H.",democrat,440726,1159971,37.99
2012,Kentucky,KY,21,"Romney, Mitt",republican,1087190,1797212,60.49
2012,Kentucky,KY,21,"Obama, Barack H.",democrat,679370,1797212,37.8
2012,Louisiana,LA,22,"Romney, Mitt",republican,1152262,1994065,57.78
2012,Louisiana,LA,22,"Obama, Barack H.",democrat,809141,1994065,40.58
2012,Maine,ME,23,"Obama, Barack H.",democrat,401306,724758,55.37
2012,Maine,ME,23,"Romney, Mitt",republican,292276,724758,40.33
2012,Maryland,MD,24,"Obama, Barack H.",democrat,1677844,2707327,61.97
2012,Maryland,MD,24,"Romney, Mitt",republican,971869,2707327,35.9
2012,Massachusetts,MA,25,"Obama, Barack H.",democrat,1921290,3184196,60.34
2012,Massachusetts,MA,25,"Romney, Mitt",republican,1188314,3184196,37.32
2012,Michigan,MI,26,"Obama, Barack H.",democrat,2564569,4730961,54.21
2012,Michigan,MI,26,"Romney, Mitt",republican,2115256,4730961,44.71
2012,Minnesota,MN,27,"Romney, Mitt",republican,1320225,2936561,44.96
2012,Mississippi,MS,28,"Romney, Mitt",republican,710746,1285584,55.29
2012,Mississippi,MS,28,"Obama, Barack H.",democrat,562949,1285584,43.79
2012,Missouri,MO,29,"Romney, Mitt",republican,1482440,2757323,53.76
2012,Missouri,MO,29,"Obama, Barack H.",democrat,1223796,2757323,44.38
2012,Montana,MT,30,"Romney, Mitt",republican,267928,484048,55.35
2012,Montana,MT,30,"Obama, Barack H.",democrat,201839,484048,41.7
2012,Nebraska,NE,31,"Romney, Mitt",republican,475064,794379,59.8
2012,Nebraska,NE,31,"Obama, Barack H.",democrat,302081,794379,38.03
2012,Nevada,NV,32,"Obama, Barack H.",democrat,531373,1014918,52.36
2012,Nevada,NV,32,"Romney, Mitt",republican,463567,1014918,45.68
2012,New Hampshire,NH,33,"Obama, Barack H.",democrat,369561,710972,51.98
2012,New Hampshire,NH,33,"Romney, Mitt",republican,329918,710972,46.4
2012,New Jersey,NJ,34,"Obama, Barack H.",democrat,2122786,3638499,58.34
2012,New Jersey,NJ,34,"Romney, Mitt",republican,1478088,3638499,40.62
2012,New Mexico,NM,35,"Obama, Barack H.",democrat,415335,783758,52.99
2012,New Mexico,NM,35,"Romney, Mitt",republican,335788,783758,42.84
2012,New York,NY,36,"Obama, Barack H.",democrat,4324228,7116784,60.76
2012,New York,NY,36,"Romney, Mitt",republican,2223397,7116784,31.24
2012,North Carolina,NC,37,"Romney, Mitt",republican,2270395,4505372,50.39
2012,North Carolina,NC,37,"Obama, Barack H.",democrat,2178391,4505372,48.35
2012,North Dakota,ND,38,"Romney, Mitt",republican,188320,322932,58.32
2012,North Dakota,ND,38,"Obama, Barack H.",democrat,124966,322932,38.7
2012,Ohio,OH,39,"Obama, Barack H.",democrat,2827621,5580822,50.67
2012,Ohio,OH,39,"Romney, Mitt",republican,2661407,5580822,47.69
2012,Oklahoma,OK,40,"Romney, Mitt",republican,891325,1334872,66.77
2012,Oklahoma,OK,40,"Obama, Barack H.",democrat,443547,1334872,33.23
2012,Oregon,OR,41,"Obama, Barack H.",democrat,970488,1789270,54.24
2012,Oregon,OR,41,"Romney, Mitt",republican,754175,1789270,42.15
2012,Pennsylvania,PA,42,"Obama, Barack H.",democrat,2990274,5742040,52.08
2012,Pennsylvania,PA,42,"Romney, Mitt",republican,2680434,5742040,46.68
2012,Rhode Island,RI,44,"Obama, Barack H.",democrat,279677,446049,62.7
2012,Rhode Island,RI,44,"Romney, Mitt",republican,157204,446049,35.24
2012,South Carolina,SC,45,"Romney, Mitt",republican,1071645,1964118,54.56
2012,South Carolina,SC,45,"Obama, Barack H.",democrat,865941,1964118,44.09
2012,South Dakota,SD,46,"Romney, Mitt",republican,210610,363815,57.89
2012,South Dakota,SD,46,"Obama, Barack H.",democrat,145039,363815,39.87
2012,Tennessee,TN,47,"Romney, Mitt",republican,1462330,2458577,59.48
2012,Tennessee,TN,47,"Obama, Barack H.",democrat,960709,2458577,39.08
2012,Texas,TX,48,"Romney, Mitt",republican,4569843,7993851,57.17
2012,Texas,TX,48,"Obama, Barack H.",democrat,3308124,7993851,41.38
2012,Utah,UT,49,"Romney, Mitt",republican,740600,1017440,72.79
2012,Utah,UT,49,"Obama, Barack H.",democrat,251813,1017440,24.75
2012,Vermont,VT,50,"Obama, Barack H.",democrat,199239,299290,66.57
2012,Vermont,VT,50,"Romney, Mitt",republican,92698,299290,30.97
2012,Virginia,VA,51,"Obama, Barack H.",democrat,1971820,3854489,51.16
2012,Virginia,VA,51,"Romney, Mitt",republican,1822522,3854489,47.28
2012,Washington,WA,53,"Obama, Barack H.",democrat,1755396,3125516,56.16
2012,Washington,WA,53,"Mitt, Romney",republican,1290670,3125516,41.29
2012,West Virginia,WV,54,"Romney, Mitt",republican,417655,670438,62.3
2012,West Virginia,WV,54,"Obama, Barack H.",democrat,238269,670438,35.54
2012,Wisconsin,WI,55,"Obama, Barack H.",democrat,1620985,3071434,52.78
2012,Wisconsin,WI,55,"Romney, Mitt",republican,1410966,3071434,45.94
2012,Wyoming,WY,56,"Romney, Mitt",republican,170962,250701,68.19
2012,Wyoming,WY,56,"Obama, Barack H.",democrat,69286,250701,27.64
2016,Alabama,AL,1,"Trump, Donald J.",republican,1318255,2123372,62.08
2016,Alabama,AL,1,"Clinton, Hillary",democrat,729547,2123372,34.36
2016,Alaska,AK,2,"Trump, Donald J.",republican,163387,318608,51.28
2016,Alaska,AK,2,"Clinton, Hillary",democrat,116454,318608,36.55
2016,Arizona,AZ,4,"Trump, Donald J.",republican,1252401,2573165,48.67
2016,Arizona,AZ,4,"Clinton, Hillary",democrat,1161167,2573165,45.13
2016,Arizona,AZ,4,,democrat,42,2573165,0
2016,Arkansas,AR,5,"Trump, Donald J.",republican,684872,1130635,60.57
2016,Arkansas,AR,5,"Clinton, Hillary",democrat,380494,1130635,33.65
2016,California,CA,6,"Clinton, Hillary",democrat,8753788,14181595,61.73
2016,California,CA,6,"Trump, Donald J.",republican,4483810,14181595,31.62
2016,Colorado,CO,8,"Clinton, Hillary",democrat,1338870,2780220,48.16
2016,Colorado,CO,8,"Trump, Donald J.",republican,1202484,2780220,43.25
2016,Connecticut,CT,9,"Clinton, Hillary",democrat,897572,1644920,54.57
2016,Connecticut,CT,9,"Trump, Donald J.",republican,673215,1644920,40.93
2016,Delaware,DE,10,"Clinton, Hillary",democrat,235603,441590,53.35
2016,Delaware,DE,10,"Trump, Donald J.",republican,185127,441590,41.92
2016,District of Columbia,DC,11,"Clinton, Hillary",democrat,282830,312575,90.48
2016,District of Columbia,DC,11,"Trump, Donald J.",republican,12723,312575,4.07
2016,Florida,FL,12,"Trump, Donald J.",republican,4617886,9420039,49.02
2016,Florida,FL,12,"Clinton, Hillary",democrat,4504975,9420039,47.82
2016,Georgia,GA,13,"Trump, Donald J.",republican,2089104,4114732,50.77
2016,Georgia,GA,13,"Clinton, Hillary",democrat,1877963,4114732,45.64
2016,Hawaii,HI,15,"Clinton, Hillary",democrat,266891,437664,60.98
2016,Hawaii,HI,15,"Trump, Donald J.",republican,128847,437664,29.44
2016,Idaho,ID,16,"Trump, Donald J.",republican,409055,690255,59.26
2016,Idaho,ID,16,"Clinton, Hillary",democrat,189765,690255,27.49
2016,Illinois,IL,17,"Clinton, Hillary",democrat,3090729,5536424,55.83
2016,Illinois,IL,17,"Trump, Donald J.",republican,2146015,5536424,38.76
2016,Indiana,IN,18,"Trump, Donald J.",republican,1557286,2734958,56.94
2016,Indiana,IN,18,"Clinton, Hillary",democrat,1033126,2734958,37.77
2016,Iowa,IA,19,"Trump, Donald J.",republican,800983,1565580,51.16
2016,Iowa,IA,19,"Clinton, Hillary",democrat,653669,1565580,41.75
2016,Kansas,KS,20,"Trump, Donald J.",republican,671018,1184402,56.65
2016,Kansas,KS,20,"Clinton, Hillary",democrat,427005,1184402,36.05
2016,Kentucky,KY,21,"Trump, Donald J.",republican,1202971,1924149,62.52
2016,Kentucky,KY,21,"Clinton, Hillary",democrat,628854,1924149,32.68
2016,Louisiana,LA,22,"Trump, Donald J.",republican,1178638,2029032,58.09
2016,Louisiana,LA,22,"Clinton, Hillary",democrat,780154,2029032,38.45
2016,Maine,ME,23,"Clinton, Hillary",democrat,357735,771892,46.35
2016,Maine,ME,23,"Trump, Donald J.",republican,335593,771892,43.48
2016,Maryland,MD,24,"Clinton, Hillary",democrat,1677928,2781446,60.33
2016,Maryland,MD,24,"Trump, Donald J.",republican,943169,2781446,33.91
2016,Maryland,MD,24,"Trump, Donald J.",republican,259,2781446,0.01
2016,Maryland,MD,24,"Clinton, Hillary",democrat,78,2781446,0
2016,Massachusetts,MA,25,"Clinton, Hillary",democrat,1995196,3378821,59.05
2016,Massachusetts,MA,25,"Trump, Donald J.",republican,1090893,3378821,32.29
2016,Michigan,MI,26,"Trump, Donald J.",republican,2279543,4799284,47.5
2016,Michigan,MI,26,"Clinton, Hillary",democrat,2268839,4799284,47.27
2016,Minnesota,MN,27,"Clinton, Hillary",democrat,1367705,2944782,46.45
2016,Minnesota,MN,27,"Trump, Donald J.",republican,1322949,2944782,44.93
2016,Mississippi,MS,28,"Trump, Donald J.",republican,700714,1209357,57.94
2016,Mississippi,MS,28,"Clinton, Hillary",democrat,485131,1209357,40.11
2016,Missouri,MO,29,"Trump, Donald J.",republican,1594511,2808605,56.77
2016,Missouri,MO,29,"Clinton, Hillary",democrat,1071068,2808605,38.14
2016,Montana,MT,30,"Trump, Donald J.",republican,279240,494526,56.47
2016,Montana,MT,30,"Clinton, Hillary",democrat,177709,494526,35.94
2016,Nebraska,NE,31,"Trump, Donald J.",republican,495961,844227,58.75
2016,Nebraska,NE,31,"Clinton, Hillary",democrat,284494,844227,33.7
2016,Nevada,NV,32,"Clinton, Hillary",democrat,539260,1125385,47.92
2016,Nevada,NV,32,"Trump, Donald J.",republican,512058,1125385,45.5
2016,New Hampshire,NH,33,"Clinton, Hillary",democrat,348526,744296,46.83
2016,New Hampshire,NH,33,"Trump, Donald J.",republican,345790,744296,46.46
2016,New Jersey,NJ,34,"Clinton, Hillary",democrat,2148278,3874046,55.45
2016,New Jersey,NJ,34,"Trump, Donald J.",republican,1601933,3874046,41.35
2016,New Mexico,NM,35,"Clinton, Hillary",democrat,385234,798319,48.26
2016,New Mexico,NM,35,"Trump, Donald J.",republican,319667,798319,40.04
2016,New York,NY,36,"Clinton, Hillary",democrat,4379789,7802084,56.14
2016,New York,NY,36,"Trump, Donald J.",republican,2527142,7802084,32.39
2016,North Carolina,NC,37,"Trump, Donald J.",republican,2362631,4741564,49.83
2016,North Carolina,NC,37,"Clinton, Hillary",democrat,2189316,4741564,46.17
2016,North Dakota,ND,38,"Trump, Donald J.",republican,216794,344360,62.96
2016,North Dakota,ND,38,"Clinton, Hillary",democrat,93758,344360,27.23
2016,Ohio,OH,39,"Trump, Donald J.",republican,2841005,5496487,51.69
2016,Ohio,OH,39,"Clinton, Hillary",democrat,2394164,5496487,43.56
2016,Oklahoma,OK,40,"Trump, Donald J.",republican,949136,1452992,65.32
2016,Oklahoma,OK,40,"Clinton, Hillary",democrat,420375,1452992,28.93
2016,Oregon,OR,41,"Clinton, Hillary",democrat,1002106,2001336,50.07
2016,Oregon,OR,41,"Trump, Donald J.",republican,782403,2001336,39.09
2016,Pennsylvania,PA,42,"Trump, Donald J.",republican,2970733,6115402,48.58
2016,Pennsylvania,PA,42,"Clinton, Hillary",democrat,2926441,6115402,47.85
2016,Rhode Island,RI,44,"Clinton, Hillary",democrat,252525,464144,54.41
2016,Rhode Island,RI,44,"Trump, Donald J.",republican,180543,464144,38.9
2016,South Carolina,SC,45,"Trump, Donald J.",republican,1155389,2103027,54.94
2016,South Carolina,SC,45,"Clinton, Hillary",democrat,855373,2103027,40.67
2016,South Dakota,SD,46,"Trump, Donald J.",republican,227721,370093,61.53
2016,South Dakota,SD,46,"Clinton, Hillary",democrat,117458,370093,31.74
2016,Tennessee,TN,47,"Trump, Donald J.",republican,1522925,2508027,60.72
2016,Tennessee,TN,47,"Clinton, Hillary",democrat,870695,2508027,34.72
2016,Texas,TX,48,"Trump, Donald J.",republican,4685047,8969226,52.23
2016,Texas,TX,48,"Clinton, Hillary",democrat,3877868,8969226,43.24
2016,Utah,UT,49,"Trump, Donald J.",republican,515211,1131317,45.54
2016,Utah,UT,49,"Clinton, Hillary",democrat,310674,1131317,27.46
2016,Vermont,VT,50,"Clinton, Hillary",democrat,178573,320467,55.72
2016,Vermont,VT,50,"Trump, Donald J.",republican,95369,320467,29.76
2016,Virginia,VA,51,"Clinton, Hillary",democrat,1981473,3982752,49.75
2016,Virginia,VA,51,"Trump, Donald J.",republican,1769443,3982752,44.43
2016,Washington,WA,53,"Clinton, Hillary",democrat,1742718,3317019,52.54
2016,Washington,WA,53,"Trump, Donald J.",republican,1221747,3317019,36.83
2016,West Virginia,WV,54,"Trump, Donald J.",republican,489371,713051,68.63
2016,West Virginia,WV,54,"Clinton, Hillary",democrat,188794,713051,26.48
2016,Wisconsin,WI,55,"Trump, Donald J.",republican,1405284,2976150,47.22
2016,Wisconsin,WI,55,"Clinton, Hillary",democrat,1382536,2976150,46.45
2016,Wyoming,WY,56,"Trump, Donald J.",republican,174419,258788,67.4
2016,Wyoming,WY,56,"Clinton, Hillary",democrat,55973,258788,21.63